County,25+Population,Total Male Population,Total Female Population,"DNU: Total 18-24, Non-grad","DNU: M Total 18-24, Non-grad","DNU: F Total 18-24, Non-grad","DNU: Total 18-24, HS","DNU: M Total 18-24, HS","DNU: F Total 18-24, HS","DNU: Total 18-24, Assoc","DNU: M Total 18-24, Assoc","DNU: F Total 18-24, Assoc","DNU: Total 18-24, Bach","DNU: M Total 18-24, Bach","DNU: F Total 18-24, Bach",Total Pop 25+,Male Pop 25+,Female Pop 25+,Total 25+ 9th or Less,Male 25+ 9th or Less,Female 25+ 9th or Less,Total 25+ No diploma,Male 25+ No diploma,Female 25+ No diploma,Total 25+ HS,Male 25+ HS,Female 25+ HS,Total 25+ Some College,Male 25+ Some College,Female 25+ Some College ,Total 25+ Assoc,Male 25+ Assoc,Female 25+ Assoc,Total 25+ Bach,Male 25+ Bach,Female 25+ Bach,Total 25+ Grad,Male 25+ Grad,Female 25+ Grad,Total 25-35,Male 25-34,Female 25-34,Total 25-34 HS or Assoc,Male 25-34 HS or Assoc,Female 25-34 HS or Assoc,Total 25-34 Bach,Male 25-34 Bach,Female 25-34 Bach,Total 35-44,Male 35-44,Female 35-44,Total 35-44 HS,Male 35-44 HS,Female 35-44 HS,Total 35-44 Bach,Male 35-44 Bach,Female 35-44 Bach,Total 45-64,Male 45-64 ,Female 45-64,Total 45-64 HS,Male 45-64 HS,Female 45-64 HS,Total 45-64 Bach,Male 45-64 Bach,Female 45-64 Bach,Total 65+,Male 65+,Female 65+,Total 65+ HS,Male 65+ HS,Female 65+ HS,Total 65+ Bach,Male 65+ Bach,Female 65+ Bach,Total White Pop,Total White/Hisp Male Pop,Total White/Hisp Female Pop,Total White/Hisp HS,Male White/Hisp HS,Female White/Hisp HA,Total White/Hisp Bach,Male White/Hisp Bach,Female White/Hisp Bach,Total White Pop,White Male Pop,White Female Pop,Total White HS,Male White HS,Female White HS,Total White Bach,Male White Bach,Female White Bach,Total Black Pop,Male Black Pop,Female Black Pop,Total Black HS,Male Black HS,Female Black HS,Total Black Bach,Male Black Bach,Female Black Bach,Total AmInd/AK Pop,Male AmInd/AK Pop,Female AmInd/AK Pop,Total AmInd/AK HS,Male AmInd/Ak HS,Female AmInd/AK HS,Total AmInd/AK Bach,Male AmInd/AK Bach,Female AmInd/AK Bach,Total Asian Pop,Male Asian Pop,Female Asian Pop,Total Asian HS,Male Asian HS,Female Asian HS,Total Asian Bach,Male Asian Bach,Female Asian Bach,Total HI-PI Pop,Male HI-PI Pop,Female HI-PI Pop,Total HI-PI HS,Male HI-PI HS,Female HI-PI HA,Total HI-PI Bach,Male HI-PI Bach,Female HI-PI Bach,Total Other Pop,Male Other Pop,Female Other Pop,Total Other HS,Male Other HS,Female Other HS,Total Other Bach,Male Other Bach,Female Other Bach,Total Multi Pop,Male Multi Pop,Femal Multi Pop,Total Multi HS,Male Multi HS,Female Multi HS,Total Multi Bach,Male Multi Bach,Female Multi Bach,Total Hisp Pop,Male Hisp Pop,Female Hisp Pop,Total Hisp HS,Male Hisp HS,Female Hisp HS,Total Hisp Bach,Male Hisp Bach,Female Hisp Bach,Total Median Earnings ,Male Median Earnings,Female Median Earnings,Total Median Earning Less than HS,Male Median Earning Less than HS,Female Median Earning Less than HS,Total Median Earning HS,Male Median Earning HS,Female Median Earning HS,Total Median Earning Assoc,Male Median Earning Assoc,Female Median Earning Assoc,Total Median Earning Bach,Male Median Earning Bach,Female Median Earning Bach,Total Median Earning Grad,Male Median Earning Grad,Female Median Earning Grad
"Allen County, Kansas",1161,616,545,76,57,19,399,231,168,606,295,311,80,33,47,8625,4158,4467,232,116,116,421,217,204,2873,1592,1281,2378,1014,1364,1062,472,590,1086,445,641,573,302,271,1300,655,645,1219,601,618,159,38,121,1477,817,660,1402,745,657,409,179,230,3346,1606,1740,3187,1515,1672,552,215,337,2502,1080,1422,2164,964,1200,539,315,224,8258,3995,4263,7645,3667,3978,1613,747,866,8062,3821,4241,7469,3510,3959,1524,674,850,131,78,53,120,73,47,25,0,25,14,0,14,11,0,11,9,0,9,10,0,10,8,0,8,0,0,0,12,0,12,12,0,12,0,0,0,25,5,20,16,5,11,0,0,0,175,80,95,160,80,80,12,0,12,223,179,44,192,162,30,89,73,16,30057,35670,24035,36705,40938,,26577,31218,19715,28008,36058,22031,39116,47917,36612,52315,60159,47750
"Anderson County, Kansas",517,272,245,58,13,45,169,151,18,249,106,143,41,2,39,5361,2567,2794,185,87,98,310,234,76,2068,1023,1045,1248,572,676,552,116,436,574,341,233,424,194,230,770,398,372,703,348,355,192,75,117,930,397,533,836,347,489,137,79,58,1999,1008,991,1861,911,950,347,189,158,1662,764,898,1466,640,826,322,192,130,5157,2512,2645,4664,2191,2473,946,486,460,5121,2493,2628,4640,2172,2468,942,486,456,13,8,5,13,8,5,11,8,3,167,28,139,167,28,139,22,22,0,0,0,0,0,0,0,0,0,0,0,0,0,0,0,0,0,0,0,0,0,0,0,0,0,0,0,0,24,19,5,22,19,3,19,19,0,36,19,17,24,19,5,4,0,4,29803,37500,21998,42542,44833,3352,27277,36958,14167,25705,30167,22178,37083,37849,27361,40967,,41321
"Atchison County, Kansas",2449,1188,1261,147,93,54,668,433,235,1410,492,918,224,170,54,10127,4742,5385,235,87,148,539,203,336,3996,2157,1839,2407,1126,1281,849,273,576,1324,562,762,777,334,443,1756,820,936,1671,787,884,350,100,250,1638,798,840,1608,792,816,390,157,233,4001,1979,2022,3852,1902,1950,814,434,380,2732,1145,1587,2222,971,1251,547,205,342,9539,4598,4941,8824,4344,4480,1989,860,1129,9380,4503,4877,8687,4260,4427,1960,833,1127,314,65,249,280,51,229,62,0,62,32,3,29,29,3,26,0,0,0,26,8,18,18,0,18,0,0,0,0,0,0,0,0,0,0,0,0,4,0,4,4,0,4,4,0,4,212,68,144,198,54,144,46,36,10,209,108,101,171,84,87,33,27,6,33088,41992,22995,37206,37426,,29895,41382,19472,24798,39074,18268,42221,67500,40654,49211,65234,43368
"Barber County, Kansas",319,163,156,98,65,33,86,51,35,112,32,80,23,15,8,3411,1777,1634,72,44,28,180,111,69,1207,733,474,979,414,565,293,147,146,393,176,217,287,152,135,613,350,263,602,343,259,97,29,68,423,193,230,369,163,206,77,28,49,1339,750,589,1254,682,572,241,116,125,1036,484,552,934,434,500,265,155,110,3288,1707,1581,3041,1553,1488,655,315,340,3238,1666,1572,2991,1512,1479,650,313,337,29,11,18,29,11,18,0,0,0,13,6,7,13,6,7,0,0,0,33,17,16,29,17,12,24,12,12,0,0,0,0,0,0,0,0,0,2,2,0,1,1,0,0,0,0,46,34,12,46,34,12,1,1,0,52,43,9,51,42,9,5,2,3,31760,44694,21875,34625,49000,20625,26371,36902,15924,30550,47143,18750,40662,41250,40481,62159,75341,48824
"Barton County, Kansas",2287,1150,1137,344,190,154,685,372,313,1165,582,583,93,6,87,18253,8949,9304,825,460,365,1442,779,663,5960,3193,2767,4657,2058,2599,2283,954,1329,2161,1012,1149,925,493,432,3346,1726,1620,2927,1450,1477,596,286,310,2972,1560,1412,2392,1159,1233,582,215,367,7115,3462,3653,6484,3173,3311,1151,601,550,4820,2201,2619,4183,1928,2255,757,403,354,17150,8357,8793,15204,7277,7927,2884,1405,1479,15879,7650,8229,14545,6981,7564,2835,1405,1430,250,151,99,179,107,72,10,10,0,141,79,62,103,64,39,42,40,2,48,10,38,39,10,29,39,10,29,65,36,29,65,36,29,0,0,0,362,189,173,193,123,70,40,11,29,237,127,110,203,93,110,71,29,42,1792,1013,779,974,499,475,154,71,83,33279,40842,25244,21538,31515,11946,26889,34341,20872,33825,42432,26941,41098,50278,33598,53445,55000,51394
"Bourbon County, Kansas",1424,810,614,173,36,137,360,220,140,792,521,271,99,33,66,9565,4561,5004,366,199,167,552,267,285,2979,1501,1478,2807,1289,1518,1030,431,599,1191,639,552,640,235,405,1595,827,768,1395,742,653,236,116,120,1507,728,779,1438,700,738,317,149,168,3715,1796,1919,3489,1617,1872,799,336,463,2748,1210,1538,2325,1036,1289,479,273,206,9135,4411,4724,8274,3978,4296,1813,866,947,8984,4276,4708,8148,3857,4291,1813,866,947,192,66,126,166,57,109,12,8,4,66,37,29,61,32,29,0,0,0,54,12,42,54,12,42,0,0,0,0,0,0,0,0,0,0,0,0,19,3,16,16,0,16,0,0,0,99,32,67,76,16,60,6,0,6,170,138,32,142,121,21,0,0,0,30283,34837,24968,20221,23000,10446,28810,32922,23545,28892,35319,24153,39414,41452,34063,50363,87888,41765
"Brown County, Kansas",677,356,321,73,30,43,255,149,106,307,145,162,42,32,10,6564,3154,3410,140,80,60,299,152,147,2583,1317,1266,1667,804,863,485,154,331,878,429,449,512,218,294,1016,498,518,955,455,500,254,109,145,1016,502,514,957,470,487,201,75,126,2699,1333,1366,2590,1277,1313,626,313,313,1833,821,1012,1623,720,903,309,150,159,5814,2785,3029,5438,2591,2847,1289,593,696,5719,2747,2972,5347,2557,2790,1256,593,663,76,40,36,70,35,35,16,5,11,479,251,228,441,230,211,35,18,17,39,21,18,39,21,18,13,7,6,5,5,0,5,5,0,0,0,0,22,15,7,15,8,7,8,8,0,129,37,92,117,32,85,29,16,13,186,99,87,169,82,87,41,8,33,30644,34536,24039,23571,29583,14861,23750,31034,17846,30494,34000,23386,40000,50905,29157,52017,60625,50134
"Butler County, Kansas",5754,3145,2609,804,556,248,1587,967,620,2981,1433,1548,382,189,193,43322,21388,21934,769,368,401,2556,1595,961,11374,5772,5602,11629,5845,5784,4318,1849,2469,8573,4145,4428,4103,1814,2289,7820,4141,3679,7063,3560,3503,2572,1037,1535,8248,4196,4052,7783,3839,3944,3083,1331,1752,17972,8907,9065,16934,8242,8692,5326,2639,2687,9282,4144,5138,8217,3784,4433,1695,952,743,40771,19965,20806,37933,18372,19561,11938,5638,6300,39584,19276,20308,37040,17930,19110,11638,5507,6131,893,713,180,612,478,134,166,88,78,366,149,217,298,122,176,130,41,89,464,161,303,396,114,282,229,78,151,13,13,0,13,13,0,0,0,0,115,55,60,115,55,60,23,23,0,700,332,368,630,271,359,190,91,99,1453,859,594,1084,560,524,352,171,181,41802,51470,29913,27945,34919,12220,32830,44886,19356,36163,48015,25662,50487,61658,40644,62475,84351,53041
"Chase County, Kansas",198,113,85,10,7,3,121,67,54,57,39,18,10,0,10,1855,908,947,62,38,24,86,69,17,512,286,226,623,278,345,107,46,61,335,142,193,130,49,81,236,125,111,214,103,111,69,18,51,286,144,142,267,125,142,70,35,35,707,346,361,660,308,352,186,81,105,626,293,333,566,265,301,140,57,83,1810,876,934,1665,772,893,465,191,274,1757,856,901,1625,765,860,461,187,274,17,17,0,14,14,0,0,0,0,0,0,0,0,0,0,0,0,0,0,0,0,0,0,0,0,0,0,0,0,0,0,0,0,0,0,0,13,0,13,13,0,13,0,0,0,15,15,0,15,15,0,0,0,0,66,20,46,53,7,46,4,4,0,31531,34327,29893,27083,,-,26955,32206,24792,30121,36875,28036,38073,41250,37344,52500,50313,75313
"Chautauqua County, Kansas",206,124,82,56,39,17,90,54,36,54,31,23,6,0,6,2490,1244,1246,123,86,37,185,75,110,923,555,368,607,254,353,238,82,156,309,148,161,105,44,61,364,190,174,341,178,163,100,36,64,321,182,139,263,155,108,28,21,7,948,452,496,868,414,454,181,71,110,857,420,437,710,336,374,105,64,41,2267,1140,1127,1975,995,980,374,168,206,2205,1110,1095,1913,965,948,374,168,206,10,2,8,10,2,8,0,0,0,132,60,72,120,48,72,7,7,0,0,0,0,0,0,0,0,0,0,0,0,0,0,0,0,0,0,0,0,0,0,0,0,0,0,0,0,81,42,39,77,38,39,33,17,16,62,30,32,62,30,32,0,0,0,29886,31849,25173,19792,23250,16429,22275,31071,14018,29286,32256,25691,41200,47222,35625,41250,,42083
"Cherokee County, Kansas",1544,793,751,193,98,95,695,421,274,598,267,331,58,7,51,14012,6821,7191,560,362,198,1158,577,581,4883,2546,2337,3668,1630,2038,1085,381,704,1713,866,847,945,459,486,2224,1162,1062,2047,1031,1016,421,166,255,2359,1147,1212,2177,1034,1143,623,332,291,5734,2838,2896,5038,2415,2623,1070,483,587,3695,1674,2021,3032,1402,1630,544,344,200,13033,6326,6707,11431,5451,5980,2436,1200,1236,12812,6220,6592,11286,5391,5895,2426,1190,1236,37,23,14,37,23,14,0,0,0,373,224,149,332,196,136,80,80,0,17,0,17,9,0,9,0,0,0,30,16,14,30,16,14,0,0,0,35,20,15,23,13,10,17,7,10,487,212,275,432,183,249,125,38,87,239,119,120,151,66,85,10,10,0,29485,36261,23125,19505,25954,17674,25550,32404,20871,27994,35504,20992,41382,44608,36059,50190,50615,48929
"Cheyenne County, Kansas",199,106,93,57,21,36,48,28,20,82,53,29,12,4,8,1893,914,979,54,14,40,87,54,33,583,301,282,457,250,207,224,58,166,386,186,200,102,51,51,258,120,138,224,111,113,79,24,55,231,115,116,214,109,105,68,19,49,688,343,345,659,321,338,203,127,76,716,336,380,655,305,350,138,67,71,1820,863,957,1703,811,892,480,237,243,1774,851,923,1674,799,875,470,230,240,0,0,0,0,0,0,0,0,0,0,0,0,0,0,0,0,0,0,15,7,8,8,0,8,8,0,8,0,0,0,0,0,0,0,0,0,39,25,14,22,16,6,0,0,0,19,19,0,19,19,0,0,0,0,78,34,44,44,25,19,10,7,3,31818,39485,24917,15625,37361,11691,27173,35568,16719,28393,30855,26667,41607,54821,26875,51875,52778,39886
"Clark County, Kansas",146,82,64,26,13,13,72,49,23,15,8,7,33,12,21,1433,703,730,19,12,7,75,34,41,386,223,163,387,171,216,91,28,63,382,185,197,93,50,43,203,107,96,183,102,81,88,40,48,208,97,111,180,81,99,53,21,32,572,284,288,544,263,281,203,109,94,450,215,235,432,211,221,131,65,66,1365,656,709,1274,613,661,442,215,227,1280,619,661,1245,603,642,428,213,215,15,15,0,12,12,0,7,7,0,12,6,6,12,6,6,6,6,0,9,5,4,9,5,4,4,2,2,0,0,0,0,0,0,0,0,0,0,0,0,0,0,0,0,0,0,32,21,11,32,21,11,16,5,11,88,40,48,29,10,19,14,2,12,34805,40441,27891,41563,41771,,28409,34250,22813,30568,30000,30962,42045,51771,32596,46563,,37344
"Clay County, Kansas",498,255,243,54,0,54,168,117,51,242,138,104,34,0,34,5730,2822,2908,114,34,80,331,223,108,1710,915,795,1591,694,897,616,338,278,927,468,459,441,150,291,819,437,382,757,407,350,185,60,125,966,503,463,911,454,457,352,169,183,2084,1039,1045,1909,950,959,501,221,280,1861,843,1018,1708,754,954,330,168,162,5555,2703,2852,5126,2462,2664,1341,591,750,5499,2676,2823,5083,2448,2635,1317,591,726,2,2,0,2,2,0,0,0,0,48,48,0,48,48,0,10,10,0,49,7,42,49,7,42,0,0,0,0,0,0,0,0,0,0,0,0,16,16,0,0,0,0,0,0,0,60,46,14,60,46,14,17,17,0,74,43,31,45,14,31,24,0,24,30457,37487,21768,21328,30161,,24140,35250,18878,30403,37134,22167,36750,54123,22500,42708,77833,34125
"Cloud County, Kansas",930,506,424,85,42,43,332,210,122,480,239,241,33,15,18,6194,2985,3209,220,105,115,319,163,156,1916,1028,888,1613,745,868,813,383,430,772,341,431,541,220,321,1041,510,531,946,453,493,191,92,99,863,448,415,845,430,415,236,70,166,2405,1245,1160,2208,1134,1074,487,235,252,1885,782,1103,1656,700,956,399,164,235,5978,2847,3131,5537,2628,2909,1303,557,746,5911,2837,3074,5489,2618,2871,1290,557,733,20,20,0,20,20,0,0,0,0,32,32,0,32,32,0,0,0,0,0,0,0,0,0,0,0,0,0,0,0,0,0,0,0,0,0,0,89,53,36,4,4,0,4,4,0,75,33,42,62,33,29,6,0,6,169,63,106,52,14,38,17,4,13,31609,38768,24580,35757,32000,50068,23112,35833,15964,31021,39688,24180,41912,51413,35000,41389,42813,40284
"Coffey County, Kansas",635,354,281,76,37,39,243,156,87,247,129,118,69,32,37,5869,2916,2953,160,101,59,275,129,146,2147,1162,985,1556,650,906,505,273,232,910,463,447,316,138,178,886,441,445,863,429,434,201,92,109,930,485,445,861,433,428,171,66,105,2399,1200,1199,2296,1167,1129,586,297,289,1654,790,864,1414,657,757,268,146,122,5653,2761,2892,5280,2591,2689,1206,593,613,5564,2706,2858,5193,2536,2657,1188,586,602,34,19,15,34,19,15,3,3,0,33,23,10,31,23,8,10,2,8,36,14,22,22,0,22,4,0,4,0,0,0,0,0,0,0,0,0,5,0,5,5,0,5,0,0,0,108,99,9,62,53,9,3,3,0,95,59,36,93,59,34,18,7,11,39190,51466,25882,23125,45227,14750,35767,41875,22824,37159,55607,22449,51570,64250,43646,44338,82708,38750
"Comanche County, Kansas",123,48,75,12,11,1,43,3,40,60,32,28,8,2,6,1228,569,659,28,13,15,64,28,36,404,208,196,409,186,223,96,34,62,167,87,80,60,13,47,99,41,58,99,41,58,9,5,4,227,132,95,213,132,81,34,7,27,468,184,284,437,165,272,74,33,41,434,212,222,387,190,197,110,55,55,1208,560,648,1120,523,597,221,100,121,1140,521,619,1074,492,582,214,98,116,0,0,0,0,0,0,0,0,0,0,0,0,0,0,0,0,0,0,0,0,0,0,0,0,0,0,0,0,0,0,0,0,0,0,0,0,7,2,5,7,2,5,0,0,0,13,7,6,9,3,6,6,0,6,75,41,34,53,33,20,7,2,5,35135,37113,30147,25250,26000,,36250,38333,26364,32386,37656,30588,23750,35500,,37500,34375,37813
"Cowley County, Kansas",3922,2002,1920,398,192,206,1244,781,463,2063,904,1159,217,125,92,23253,11525,11728,741,349,392,1582,874,708,7322,3903,3419,6139,3063,3076,2746,1353,1393,3215,1240,1975,1508,743,765,4157,2184,1973,3612,1871,1741,637,195,442,4032,2106,1926,3714,1916,1798,892,377,515,8891,4465,4426,8160,4059,4101,1915,752,1163,6173,2770,3403,5444,2456,2988,1279,659,620,21278,10434,10844,19260,9412,9848,4426,1868,2558,19999,9741,10258,18387,8911,9476,4361,1835,2526,558,356,202,413,257,156,79,23,56,392,198,194,348,170,178,44,26,18,337,174,163,296,145,151,71,24,47,6,2,4,6,2,4,0,0,0,233,121,112,202,107,95,30,10,20,449,240,209,405,209,196,73,32,41,1628,884,744,1103,630,473,104,54,50,31936,40411,25415,21212,28492,11641,28081,32068,20133,30616,42221,21557,41565,54167,35429,53382,60179,50755
"Crawford County, Kansas",7214,3880,3334,387,186,201,1481,736,745,4490,2590,1900,856,368,488,23369,11210,12159,794,415,379,1465,858,607,6574,3199,3375,5808,2855,2953,1972,884,1088,4221,2031,2190,2535,968,1567,4738,2343,2395,4387,2142,2245,1681,692,989,4153,2069,2084,3817,1845,1972,1302,566,736,8641,4333,4308,7837,3738,4099,2591,1184,1407,5837,2465,3372,5069,2212,2857,1182,557,625,21973,10594,11379,19931,9367,10564,6415,2846,3569,21249,10216,11033,19488,9186,10302,6316,2801,3515,395,199,196,379,189,190,65,39,26,146,84,62,127,83,44,27,18,9,214,69,145,214,69,145,160,50,110,0,0,0,0,0,0,0,0,0,160,86,74,106,59,47,8,0,8,481,178,303,353,170,183,81,46,35,922,467,455,560,243,317,107,45,62,31609,36180,26508,25426,30179,12386,23304,31301,18809,26936,31627,22601,41203,46125,38177,47364,55761,44089
"Decatur County, Kansas",173,83,90,11,7,4,85,43,42,63,33,30,14,0,14,2165,1101,1064,57,37,20,132,83,49,694,353,341,610,298,312,198,92,106,318,167,151,156,71,85,276,179,97,250,153,97,59,35,24,254,108,146,218,96,122,66,16,50,850,460,390,807,427,380,248,121,127,785,354,431,701,305,396,101,66,35,2113,1058,1055,1924,938,986,465,238,227,2075,1033,1042,1906,923,983,465,238,227,5,5,0,5,5,0,0,0,0,27,23,4,27,23,4,4,0,4,0,0,0,0,0,0,0,0,0,0,0,0,0,0,0,0,0,0,5,0,5,5,0,5,5,0,5,15,15,0,15,15,0,0,0,0,47,29,18,27,19,8,5,0,5,31794,36354,23663,16750,20060,,24531,32500,13250,30389,35912,23266,43162,55481,39167,39605,38229,42292
"Dickinson County, Kansas",1345,712,633,228,111,117,561,351,210,491,224,267,65,26,39,13182,6527,6655,451,206,245,839,467,372,4540,2249,2291,3366,1793,1573,1240,511,729,1937,906,1031,809,395,414,2238,1179,1059,1907,1000,907,453,216,237,2257,1152,1105,2089,1087,1002,486,179,307,5121,2599,2522,4724,2325,2399,1073,518,555,3566,1597,1969,3172,1442,1730,734,388,346,12524,6114,6410,11240,5447,5793,2580,1204,1376,12240,5960,6280,11037,5324,5713,2533,1160,1373,133,109,24,133,109,24,11,11,0,169,94,75,166,91,75,74,41,33,42,8,34,42,8,34,16,0,16,0,0,0,0,0,0,0,0,0,84,53,31,81,50,31,8,4,4,230,149,81,230,149,81,57,41,16,443,266,177,359,232,127,74,67,7,32363,39619,24639,24432,31107,10795,27757,34805,21902,32530,40885,25853,40053,50580,34955,46603,52361,40119
"Doniphan County, Kansas",1103,611,492,96,86,10,473,234,239,501,275,226,33,16,17,5113,2540,2573,178,99,79,328,194,134,1947,1079,868,1352,587,765,439,172,267,645,325,320,224,84,140,839,421,418,779,400,379,126,52,74,810,419,391,752,376,376,167,105,62,2076,1063,1013,1916,953,963,369,149,220,1388,637,751,1160,518,642,207,103,104,4883,2405,2478,4386,2115,2271,847,400,447,4831,2367,2464,4342,2085,2257,847,400,447,49,40,9,46,37,9,7,1,6,74,63,11,72,63,9,7,3,4,6,0,6,6,0,6,0,0,0,0,0,0,0,0,0,0,0,0,0,0,0,0,0,0,0,0,0,101,32,69,97,32,65,8,5,3,83,55,28,75,47,28,0,0,0,35408,40938,26599,35156,40833,19375,32685,39056,22599,31672,40237,26161,39125,48958,35319,45833,70833,41875
"Douglas County, Kansas",28381,14179,14202,666,338,328,4989,2482,2507,18329,9516,8813,4397,1843,2554,67159,33018,34141,860,491,369,2312,1196,1116,12299,6375,5924,13622,6888,6734,4514,2292,2222,17727,8453,9274,15825,7323,8502,17881,9509,8372,17315,9061,8254,9484,4358,5126,13150,6805,6345,12578,6518,6060,6772,3210,3562,23400,11058,12342,22178,10463,11715,11597,5265,6332,12728,5646,7082,11916,5289,6627,5699,2943,2756,57839,28287,29552,55240,26814,28426,29274,13511,15763,55868,27260,28608,53573,26015,27558,28524,13146,15378,2503,1435,1068,2347,1343,1004,827,519,308,1533,679,854,1456,674,782,485,170,315,2844,1343,1501,2579,1264,1315,2070,1078,992,0,0,0,0,0,0,0,0,0,769,522,247,744,510,234,312,215,97,1671,752,919,1621,726,895,584,283,301,3241,1694,1547,2890,1454,1436,1185,620,565,39205,44022,35261,19765,20428,16402,30915,35347,22656,30998,35668,27282,43262,51625,37362,53888,67299,47879
"Edwards County, Kansas",192,102,90,15,2,13,81,40,41,76,44,32,20,16,4,2062,1038,1024,153,79,74,208,128,80,557,310,247,601,291,310,156,66,90,286,144,142,101,20,81,265,111,154,215,83,132,48,17,31,331,187,144,274,143,131,71,20,51,886,467,419,723,381,342,162,78,84,580,273,307,489,224,265,106,49,57,1944,962,982,1627,780,847,378,164,214,1691,833,858,1514,718,796,360,149,211,39,39,0,39,39,0,0,0,0,2,1,1,1,0,1,0,0,0,9,0,9,9,0,9,9,0,9,0,0,0,0,0,0,0,0,0,45,23,22,24,11,13,0,0,0,23,13,10,1,1,0,0,0,0,300,153,147,138,73,65,18,15,3,36906,42003,27500,32692,38750,11875,29688,38125,20714,38487,42679,27331,41905,47396,37788,44083,91250,43583
"Elk County, Kansas",112,65,47,14,9,5,52,28,24,43,28,15,3,0,3,1933,940,993,91,61,30,104,71,33,751,413,338,482,208,274,200,71,129,164,69,95,141,47,94,214,107,107,192,95,97,16,2,14,247,131,116,213,109,104,73,10,63,742,364,378,676,319,357,118,64,54,730,338,392,657,285,372,98,40,58,1852,909,943,1667,787,880,287,114,173,1804,880,924,1643,778,865,287,114,173,4,2,2,4,2,2,0,0,0,34,11,23,30,7,23,15,0,15,6,5,1,6,5,1,1,0,1,0,0,0,0,0,0,0,0,0,8,8,0,2,2,0,0,0,0,29,5,24,29,5,24,2,2,0,56,37,19,26,11,15,0,0,0,25186,31848,16677,36625,37500,9063,20819,30150,13281,21339,31047,17045,25938,47500,20250,48333,56786,46250
"Ellis County, Kansas",5436,2660,2776,202,61,141,709,353,356,3928,2051,1877,597,195,402,17221,8574,8647,398,156,242,769,471,298,4184,2191,1993,4366,2166,2200,1377,706,671,4297,2147,2150,1830,737,1093,3881,2113,1768,3651,1949,1702,1681,824,857,2808,1473,1335,2722,1424,1298,1259,607,652,6430,3169,3261,6137,2970,3167,2180,917,1263,4102,1819,2283,3544,1604,1940,1007,536,471,16751,8384,8367,15741,7806,7935,5919,2756,3163,16388,8138,8250,15534,7679,7855,5837,2689,3148,41,25,16,25,25,0,25,25,0,53,21,32,25,11,14,15,9,6,123,0,123,98,0,98,68,0,68,25,0,25,0,0,0,0,0,0,62,54,8,62,54,8,54,54,0,166,90,76,103,51,52,46,40,6,475,326,149,269,181,88,136,121,15,36637,42926,30702,21838,29703,10689,33507,38580,25147,30138,42895,22736,39666,45820,36021,53389,65142,49205
"Ellsworth County, Kansas",570,380,190,137,112,25,98,33,65,282,193,89,53,42,11,4612,2560,2052,115,84,31,308,218,90,1541,976,565,1281,648,633,430,184,246,661,306,355,276,144,132,840,550,290,726,453,273,188,77,111,697,436,261,625,365,260,217,85,132,1788,963,825,1650,861,789,332,160,172,1287,611,676,1188,579,609,200,128,72,4177,2242,1935,3856,2021,1835,900,432,468,4065,2163,1902,3769,1965,1804,893,428,465,184,184,0,133,133,0,0,0,0,104,10,94,86,10,76,13,4,9,9,7,2,9,7,2,0,0,0,0,0,0,0,0,0,0,0,0,72,56,16,59,46,13,20,12,8,66,61,5,46,41,5,4,2,2,216,164,52,159,112,47,17,6,11,32406,38293,26799,22031,25347,11800,29148,34732,22763,32550,40278,26875,35957,41583,33942,43056,56000,40804
"Finney County, Kansas",3916,2119,1797,908,676,232,1310,570,740,1510,837,673,188,36,152,21627,10829,10798,3366,1806,1560,2834,1424,1410,4969,2734,2235,4918,2262,2656,1799,729,1070,2518,1292,1226,1223,582,641,5169,2766,2403,3714,1923,1791,924,411,513,4212,2102,2110,3060,1554,1506,734,386,348,8591,4329,4262,6176,3041,3135,1523,754,769,3655,1632,2023,2477,1081,1396,560,323,237,17328,8459,8869,13133,6341,6792,3333,1600,1733,11077,5250,5827,10016,4690,5326,2996,1452,1544,618,497,121,371,309,62,15,15,0,157,92,65,154,89,65,34,29,5,813,376,437,278,136,142,63,47,16,0,0,0,0,0,0,0,0,0,2212,1164,1048,1059,491,568,121,69,52,499,241,258,432,233,199,175,114,61,8701,4498,4203,4389,2267,2122,498,257,241,34074,39969,26183,28680,32096,21672,30480,37722,22092,33301,43377,25835,48721,53365,38995,51115,61212,48777
"Ford County, Kansas",3641,1952,1689,765,502,263,1425,934,491,1391,512,879,60,4,56,20419,10544,9875,3814,1956,1858,2143,1162,981,5075,2792,2283,3969,2053,1916,1679,875,804,2480,1121,1359,1259,585,674,4934,2699,2235,3468,1874,1594,879,377,502,4089,2176,1913,2598,1327,1271,678,311,367,7787,4048,3739,5491,2883,2608,1567,661,906,3609,1621,1988,2905,1342,1563,615,357,258,18382,9305,9077,13154,6632,6522,3436,1569,1867,10356,5039,5317,9586,4702,4884,2934,1309,1625,466,309,157,410,267,143,40,40,0,113,52,61,100,39,61,21,0,21,430,290,140,285,187,98,168,70,98,8,8,0,8,8,0,0,0,0,788,412,376,363,186,177,40,21,19,232,168,64,142,107,35,34,6,28,9044,4849,4195,4058,2213,1845,552,281,271,31862,35506,27662,28026,30427,23243,27480,32109,23644,35155,41330,27411,46098,51916,38859,50756,54167,49744
"Franklin County, Kansas",2325,1197,1128,323,108,215,924,530,394,959,512,447,119,47,72,16982,8178,8804,346,165,181,1014,537,477,6329,3409,2920,4350,2011,2339,1491,520,971,2302,1055,1247,1150,481,669,2903,1445,1458,2684,1266,1418,566,229,337,2884,1448,1436,2723,1392,1331,632,184,448,7127,3447,3680,6663,3192,3471,1339,640,699,4068,1838,2230,3552,1626,1926,915,483,432,16031,7759,8272,14868,7176,7692,3353,1514,1839,15837,7707,8130,14700,7144,7556,3295,1510,1785,185,84,101,167,80,87,0,0,0,83,35,48,81,33,48,0,0,0,75,20,55,73,20,53,37,6,31,2,2,0,2,2,0,0,0,0,362,183,179,213,74,139,0,0,0,244,95,149,218,91,127,62,16,46,570,248,322,395,119,276,58,4,54,36134,41186,30380,21033,30063,18750,32086,37748,22542,35786,41648,30598,42442,64048,39181,49383,58958,47679
"Geary County, Kansas",5514,3350,2164,429,249,180,2438,1589,849,2469,1484,985,178,28,150,19185,9829,9356,376,185,191,1008,399,609,4928,2468,2460,6234,3463,2771,2541,1434,1107,2879,1254,1625,1219,626,593,7498,4018,3480,7121,3851,3270,1499,601,898,4306,2320,1986,3997,2169,1828,1122,470,652,4576,2299,2277,4316,2146,2170,1066,565,501,2805,1192,1613,2367,1079,1288,411,244,167,13594,7057,6537,12659,6663,5996,3080,1452,1628,11692,6019,5673,11061,5802,5259,2800,1361,1439,3317,1787,1530,3142,1702,1440,547,246,301,174,87,87,149,69,80,54,15,39,915,379,536,819,379,440,183,76,107,166,68,98,156,68,88,19,9,10,386,135,251,332,107,225,56,0,56,633,316,317,544,257,287,159,82,77,2442,1272,1170,2077,1067,1010,415,134,281,34217,40599,23639,17295,25950,12429,29623,36268,22372,34847,40406,19682,42352,49231,35896,47928,73095,36740
"Gove County, Kansas",128,55,73,15,11,4,56,15,41,52,27,25,5,2,3,1934,954,980,58,26,32,98,64,34,677,370,307,435,213,222,219,75,144,365,156,209,82,50,32,305,146,159,280,130,150,61,19,42,224,118,106,214,109,105,80,35,45,711,371,340,662,337,325,138,73,65,694,319,375,622,288,334,168,79,89,1868,933,935,1714,843,871,427,192,235,1836,912,924,1700,833,867,419,184,235,2,0,2,0,0,0,0,0,0,25,1,24,25,1,24,0,0,0,19,4,15,19,4,15,10,4,6,0,0,0,0,0,0,0,0,0,1,1,0,1,1,0,0,0,0,19,15,4,19,15,4,10,10,0,34,23,11,16,12,4,8,8,0,31703,40808,23929,14141,18125,,31207,40461,20357,33472,43250,26250,31625,41042,26875,48542,50833,41458
"Graham County, Kansas",121,49,72,19,5,14,26,0,26,61,29,32,15,15,0,1934,963,971,61,32,29,69,39,30,655,372,283,488,214,274,131,36,95,418,216,202,112,54,58,257,150,107,257,150,107,102,49,53,243,127,116,226,115,111,103,57,46,777,380,397,720,354,366,190,89,101,657,306,351,601,273,328,135,75,60,1761,869,892,1631,798,833,494,260,234,1738,856,882,1608,785,823,489,255,234,102,59,43,102,59,43,22,0,22,3,0,3,3,0,3,0,0,0,9,3,6,9,3,6,3,3,0,0,0,0,0,0,0,0,0,0,0,0,0,0,0,0,0,0,0,59,32,27,59,32,27,11,7,4,33,19,14,33,19,14,5,5,0,30955,37071,22000,18500,,11563,26208,34453,17361,27891,35795,22721,35000,43382,27500,49500,49250,53125
"Grant County, Kansas",651,398,253,132,112,20,258,81,177,261,205,56,0,0,0,4613,2318,2295,601,385,216,656,343,313,1403,689,714,885,448,437,321,151,170,538,181,357,209,121,88,1060,547,513,744,355,389,100,51,49,880,393,487,540,224,316,185,50,135,1793,947,846,1392,740,652,297,150,147,880,431,449,680,271,409,165,51,114,4035,2019,2016,3139,1451,1688,707,276,431,2777,1344,1433,2354,1092,1262,620,260,360,0,0,0,0,0,0,0,0,0,13,2,11,11,0,11,0,0,0,0,0,0,0,0,0,0,0,0,0,0,0,0,0,0,0,0,0,456,237,219,97,79,18,0,0,0,109,60,49,109,60,49,40,26,14,1785,961,824,953,487,466,113,42,71,38250,47813,25723,32632,45714,18796,32311,49875,17143,40238,47013,28125,38529,47292,37005,65263,53598,105789
"Gray County, Kansas",499,259,240,208,155,53,154,50,104,93,54,39,44,0,44,3743,1865,1878,567,292,275,317,194,123,849,461,388,783,360,423,442,162,280,594,295,299,191,101,90,687,316,371,532,239,293,122,63,59,735,383,352,570,273,297,155,80,75,1438,750,688,1117,581,536,307,156,151,883,416,467,640,286,354,201,97,104,3688,1844,1844,2806,1360,1446,782,396,386,3293,1636,1657,2628,1266,1362,758,396,362,19,10,9,19,10,9,0,0,0,0,0,0,0,0,0,0,0,0,0,0,0,0,0,0,0,0,0,15,0,15,15,0,15,0,0,0,2,2,0,0,0,0,0,0,0,19,9,10,19,9,10,3,0,3,416,220,196,197,104,93,24,0,24,40090,46995,25591,32044,40263,8393,36085,47000,22778,38846,46543,26359,47125,52308,38365,61000,68281,51406
"Greeley County, Kansas",100,27,73,14,0,14,5,0,5,65,27,38,16,0,16,831,415,416,59,31,28,36,12,24,289,144,145,134,51,83,61,22,39,200,115,85,52,40,12,120,74,46,99,62,37,50,33,17,82,31,51,53,24,29,34,14,20,363,195,168,345,189,156,115,77,38,266,115,151,239,97,142,53,31,22,804,402,402,726,364,362,252,155,97,718,346,372,677,325,352,225,132,93,0,0,0,0,0,0,0,0,0,0,0,0,0,0,0,0,0,0,2,0,2,2,0,2,0,0,0,0,0,0,0,0,0,0,0,0,23,11,12,8,8,0,0,0,0,2,2,0,0,0,0,0,0,0,109,67,42,57,47,10,27,23,4,30292,35833,23875,25000,29167,21500,25278,35625,15417,33750,40500,31458,36339,40714,30375,27361,30000,-
"Greenwood County, Kansas",391,219,172,34,16,18,144,69,75,196,117,79,17,17,0,4521,2229,2292,166,76,90,291,161,130,1623,804,819,1320,653,667,266,116,150,584,320,264,271,99,172,548,296,252,518,292,226,151,73,78,642,301,341,616,293,323,136,59,77,1813,914,899,1578,783,795,339,169,170,1518,718,800,1352,624,728,229,118,111,4366,2160,2206,3951,1940,2011,833,403,430,4265,2106,2159,3866,1902,1964,833,403,430,0,0,0,0,0,0,0,0,0,11,3,8,10,2,8,4,0,4,0,0,0,0,0,0,0,0,0,0,0,0,0,0,0,0,0,0,16,0,16,10,0,10,0,0,0,128,66,62,93,50,43,18,16,2,127,64,63,105,48,57,10,10,0,26997,35082,21000,17019,51786,15673,24113,30106,16667,26556,32439,21875,36295,50677,32250,45195,41250,45500
"Hamilton County, Kansas",251,150,101,91,25,66,67,48,19,89,73,16,4,4,0,1615,828,787,155,77,78,127,77,50,618,330,288,334,160,174,93,58,35,225,98,127,63,28,35,362,172,190,315,142,173,59,16,43,267,141,126,217,107,110,64,40,24,668,347,321,507,276,231,102,43,59,318,168,150,294,149,145,63,27,36,1395,688,707,1201,581,620,275,117,158,1143,591,552,1089,563,526,259,113,146,52,34,18,31,22,9,3,3,0,4,0,4,4,0,4,4,0,4,0,0,0,0,0,0,0,0,0,0,0,0,0,0,0,0,0,0,147,98,49,84,63,21,6,6,0,17,8,9,13,8,5,0,0,0,429,207,222,208,84,124,25,13,12,32337,40417,26552,31319,34375,,27417,40278,25873,29388,36786,27542,41000,41403,39750,46250,51250,-
"Harper County, Kansas",356,197,159,67,33,34,152,87,65,109,69,40,28,8,20,3989,1945,2044,120,81,39,324,175,149,1574,803,771,972,402,570,300,147,153,466,212,254,233,125,108,631,318,313,561,273,288,177,87,90,597,323,274,513,264,249,100,47,53,1523,779,744,1373,697,676,214,95,119,1238,525,713,1098,455,643,208,108,100,3855,1886,1969,3427,1639,1788,698,336,362,3681,1786,1895,3352,1601,1751,682,326,356,4,1,3,4,1,3,0,0,0,89,33,56,84,33,51,0,0,0,10,10,0,10,10,0,0,0,0,0,0,0,0,0,0,0,0,0,12,7,5,5,2,3,0,0,0,19,8,11,15,4,11,1,1,0,191,109,82,85,42,43,16,10,6,32768,38862,22849,26875,33824,21607,30827,34750,21125,31520,42885,21250,39231,44167,33571,44500,42250,46563
"Harvey County, Kansas",3212,1677,1535,468,310,158,749,430,319,1732,841,891,263,96,167,22810,10927,11883,821,430,391,1195,593,602,5994,3061,2933,6077,2941,3136,1890,660,1230,4122,2064,2058,2711,1178,1533,4023,1927,2096,3493,1670,1823,1101,533,568,3822,1967,1855,3518,1816,1702,1585,633,952,8591,4231,4360,7993,3921,4072,2589,1265,1324,6374,2802,3572,5790,2497,3293,1558,811,747,21750,10327,11423,19876,9364,10512,6528,3043,3485,19839,9375,10464,18419,8766,9653,6359,3010,3349,356,242,114,291,209,82,145,94,51,61,13,48,61,13,48,0,0,0,104,58,46,104,58,46,43,30,13,53,21,32,53,21,32,0,0,0,193,150,43,149,123,26,22,22,0,293,116,177,260,116,144,95,53,42,2122,1102,1020,1612,721,891,191,55,136,37178,44418,26936,22308,40095,12604,29653,33207,22321,35449,47097,23843,44727,50250,36376,51446,61607,46380
"Haskell County, Kansas",399,227,172,175,96,79,126,94,32,98,37,61,0,0,0,2503,1202,1301,532,277,255,234,106,128,464,226,238,575,307,268,258,97,161,295,115,180,145,74,71,434,213,221,317,146,171,46,9,37,533,269,264,295,160,135,79,46,33,973,468,505,692,315,377,185,93,92,563,252,311,433,198,235,130,41,89,2281,1088,1193,1672,781,891,426,182,244,1876,880,996,1472,691,781,412,168,244,0,0,0,0,0,0,0,0,0,21,8,13,6,0,6,0,0,0,24,17,7,24,17,7,14,7,7,0,0,0,0,0,0,0,0,0,166,86,80,24,18,6,0,0,0,11,3,8,11,3,8,0,0,0,594,302,292,232,108,124,14,14,0,30625,40212,23158,30069,36938,16563,27847,46250,20833,28456,37000,23866,41174,45625,35833,51979,54464,50833
"Hodgeman County, Kansas",130,66,64,33,15,18,68,31,37,27,20,7,2,0,2,1338,656,682,45,24,21,54,22,32,344,171,173,421,214,207,147,45,102,235,143,92,92,37,55,183,91,92,159,73,86,51,29,22,188,101,87,173,93,80,70,39,31,556,286,270,536,277,259,118,62,56,411,178,233,371,167,204,88,50,38,1283,624,659,1188,581,607,282,152,130,1228,588,640,1155,565,590,271,141,130,0,0,0,0,0,0,0,0,0,2,0,2,2,0,2,2,0,2,43,28,15,43,28,15,43,28,15,0,0,0,0,0,0,0,0,0,0,0,0,0,0,0,0,0,0,10,4,6,6,1,5,0,0,0,55,36,19,33,16,17,11,11,0,32264,41372,27500,35625,41429,,32000,34205,23036,28944,32107,26295,47000,49911,32583,55962,50833,56944
"Jackson County, Kansas",997,529,468,219,143,76,329,193,136,316,90,226,133,103,30,8932,4378,4554,109,60,49,341,163,178,3630,1991,1639,2342,1135,1207,735,263,472,1183,519,664,592,247,345,1378,693,685,1316,675,641,393,130,263,1478,739,739,1450,724,726,450,225,225,3709,1873,1836,3544,1781,1763,596,258,338,2367,1073,1294,2172,975,1197,336,153,183,8012,3925,4087,7654,3764,3890,1610,705,905,7823,3830,3993,7471,3672,3799,1570,683,887,61,31,30,53,23,30,7,0,7,584,257,327,543,236,307,116,34,82,26,6,20,24,6,18,1,1,0,29,23,6,21,16,5,13,8,5,6,4,2,6,4,2,0,0,0,214,132,82,181,106,75,28,18,10,246,136,110,240,133,107,42,22,20,36107,40750,29565,17279,29861,,32619,38785,23689,33358,41582,25520,43882,44205,43438,51295,54000,50543
"Jefferson County, Kansas",1265,701,564,265,155,110,474,350,124,468,190,278,58,6,52,13175,6533,6642,235,130,105,744,413,331,5184,2818,2366,3306,1694,1612,913,365,548,1887,729,1158,906,384,522,1899,924,975,1809,873,936,516,176,340,2070,1053,1017,1866,916,950,533,225,308,5858,2932,2926,5559,2767,2792,1218,437,781,3348,1624,1724,2962,1434,1528,526,275,251,12670,6290,6380,11739,5769,5970,2698,1106,1592,12474,6202,6272,11560,5695,5865,2670,1086,1584,102,69,33,95,69,26,15,3,12,93,43,50,87,37,50,28,0,28,0,0,0,0,0,0,0,0,0,0,0,0,0,0,0,0,0,0,40,14,26,26,14,12,12,4,8,270,117,153,249,101,148,40,0,40,265,117,148,234,103,131,33,20,13,40273,46335,32664,30497,31477,19375,38611,47049,27250,36690,45461,31842,43931,43646,44149,59750,76780,52569
"Jewell County, Kansas",171,93,78,6,6,0,49,30,19,79,44,35,37,13,24,2216,1123,1093,36,25,11,79,50,29,960,506,454,566,276,290,222,87,135,255,141,114,98,38,60,259,142,117,252,135,117,77,36,41,247,137,110,246,136,110,47,27,20,869,441,428,828,410,418,144,64,80,841,403,438,775,367,408,85,52,33,2174,1095,1079,2063,1023,1040,346,177,169,2148,1085,1063,2041,1017,1024,341,174,167,8,5,3,8,5,3,0,0,0,9,7,2,9,7,2,0,0,0,1,0,1,1,0,1,1,0,1,2,0,2,2,0,2,0,0,0,10,10,0,8,8,0,0,0,0,12,6,6,10,5,5,6,2,4,41,25,16,35,19,16,7,5,2,30317,38387,20404,27656,28594,,28125,35278,14940,29261,37981,22292,42969,63611,19886,39844,,-
"Johnson County, Kansas",45023,22981,22042,5226,2783,2443,11434,6393,5041,19451,9968,9483,8912,3837,5075,388234,186056,202178,6868,3397,3471,9929,5092,4837,56131,25965,30166,74078,35060,39018,29145,11811,17334,132207,65151,67056,79876,39580,40296,79989,39751,40238,76075,37523,38552,45768,21342,24426,80543,40001,40542,76985,37910,39075,47020,22565,24455,151714,73015,78699,146552,70315,76237,84636,41968,42668,75988,33289,42699,71825,31819,40006,34659,18856,15803,343204,164252,178952,330180,157460,172720,189863,93674,96189,325206,155115,170091,317423,151210,166213,184929,91075,93854,16408,8137,8271,15443,7704,7739,5741,2853,2888,1014,554,460,931,505,426,350,243,107,18286,8964,9322,16897,8399,8498,12518,6556,5962,109,31,78,94,31,63,39,17,22,3505,1559,1946,2474,1051,1423,659,244,415,5708,2559,3149,5418,2417,3001,2913,1144,1769,22378,11167,11211,15908,7668,8240,5844,3018,2826,48850,60912,40177,23418,27215,18522,30829,35873,25241,38070,44144,32943,57171,75655,43259,72428,92668,56602
"Kearny County, Kansas",329,171,158,78,62,16,121,69,52,119,29,90,11,11,0,2449,1191,1258,201,88,113,336,167,169,672,362,310,684,335,349,228,98,130,210,90,120,118,51,67,493,278,215,364,209,155,75,38,37,427,215,212,307,201,106,53,24,29,985,468,517,766,339,427,143,55,88,544,230,314,475,187,288,57,24,33,2172,1027,1145,1752,824,928,304,119,185,1798,846,952,1531,700,831,304,119,185,27,27,0,17,17,0,0,0,0,0,0,0,0,0,0,0,0,0,17,0,17,17,0,17,0,0,0,0,0,0,0,0,0,0,0,0,195,101,94,88,59,29,0,0,0,38,36,2,38,36,2,24,22,2,575,288,287,309,183,126,0,0,0,34155,40265,24050,31895,41809,15682,35028,40610,21389,27976,35644,21375,37054,60288,36071,60357,,61875
"Kingman County, Kansas",522,271,251,93,57,36,141,94,47,247,99,148,41,21,20,5340,2644,2696,116,47,69,250,105,145,1699,857,842,1671,844,827,362,155,207,908,456,452,334,180,154,727,379,348,700,375,325,219,110,109,782,372,410,691,309,382,215,84,131,2211,1135,1076,2116,1100,1016,449,245,204,1620,758,862,1467,708,759,359,197,162,5187,2550,2637,4834,2411,2423,1185,592,593,5092,2494,2598,4743,2358,2385,1163,588,575,22,10,12,22,10,12,16,10,6,26,23,3,26,23,3,19,16,3,2,0,2,2,0,2,2,0,2,0,0,0,0,0,0,0,0,0,13,7,6,6,0,6,2,0,2,90,54,36,84,48,36,18,18,0,108,63,45,97,53,44,24,4,20,34506,42739,25097,23207,57019,15795,30656,40532,18563,33625,41406,25739,40086,52321,31016,44375,68750,40313
"Kiowa County, Kansas",328,151,177,71,44,27,41,23,18,182,68,114,34,16,18,1642,813,829,61,36,25,101,47,54,440,256,184,467,208,259,119,63,56,309,127,182,145,76,69,243,120,123,225,110,115,102,38,64,231,129,102,202,114,88,94,53,41,666,340,326,610,309,301,178,78,100,502,224,278,443,197,246,80,34,46,1595,789,806,1439,709,730,439,193,246,1532,755,777,1376,675,701,416,186,230,1,0,1,1,0,1,0,0,0,10,4,6,7,4,3,0,0,0,18,10,8,18,10,8,11,6,5,0,0,0,0,0,0,0,0,0,9,4,5,6,1,5,0,0,0,9,6,3,9,6,3,4,4,0,71,37,34,68,34,34,23,7,16,32324,38984,26250,20139,,20556,31037,32165,25147,31223,41971,25278,34444,55417,30050,41759,42232,41250
"Labette County, Kansas",1677,899,778,312,211,101,534,301,233,709,342,367,122,45,77,14004,6783,7221,635,379,256,1155,564,591,4504,2279,2225,3742,1865,1877,1499,614,885,1614,761,853,855,321,534,2269,1190,1079,2026,1073,953,425,168,257,2263,1139,1124,2014,998,1016,400,234,166,5753,2822,2931,5041,2428,2613,1047,408,639,3719,1632,2087,3133,1341,1792,597,272,325,12735,6165,6570,11277,5439,5838,2353,1037,1316,12416,5978,6438,11015,5298,5717,2261,980,1281,609,338,271,354,163,191,38,24,14,134,65,69,114,54,60,24,2,22,28,17,11,28,17,11,0,0,0,0,0,0,0,0,0,0,0,0,82,8,74,76,8,68,2,2,0,416,190,226,365,159,206,52,17,35,436,214,222,360,157,203,98,59,39,31686,36527,26287,21786,29509,16058,27751,32701,22754,30920,37708,24557,43851,53750,37172,44415,35536,52148
"Lane County, Kansas",132,75,57,25,14,11,44,43,1,59,14,45,4,4,0,1163,589,574,21,9,12,55,39,16,361,176,185,313,168,145,135,63,72,206,102,104,72,32,40,154,85,69,144,75,69,48,28,20,226,125,101,194,103,91,61,15,46,442,226,216,420,216,204,102,51,51,341,153,188,329,147,182,67,40,27,1115,556,559,1042,511,531,278,134,144,1052,527,525,997,500,497,268,134,134,0,0,0,0,0,0,0,0,0,37,22,15,37,22,15,0,0,0,0,0,0,0,0,0,0,0,0,7,7,0,7,7,0,0,0,0,3,3,0,0,0,0,0,0,0,1,1,0,1,1,0,0,0,0,66,32,34,45,11,34,10,0,10,31681,40602,21738,31875,32232,,24844,40114,14375,31394,39625,23011,42991,44886,,37639,73500,36375
"Leavenworth County, Kansas",6604,3738,2866,776,580,196,2050,1258,792,3154,1536,1618,624,364,260,53657,28800,24857,1119,730,389,3376,2081,1295,15312,8495,6817,12792,6573,6219,4439,1935,2504,9459,4794,4665,7160,4192,2968,10726,6258,4468,9707,5553,4154,3471,1678,1793,11904,6888,5016,11125,6304,4821,4223,2384,1839,20578,10922,9656,19156,9907,9249,6444,3534,2910,10449,4732,5717,9174,4225,4949,2481,1390,1091,45404,23607,21797,42026,21560,20466,14581,7831,6750,43552,22423,21129,40557,20649,19908,14315,7629,6686,4961,3444,1517,4249,2867,1382,1182,690,492,389,245,144,338,200,138,57,28,29,797,287,510,680,254,426,360,145,215,34,34,0,34,34,0,34,34,0,867,480,387,807,420,387,113,48,65,1205,703,502,1028,654,374,292,210,82,3075,1936,1139,2608,1579,1029,479,298,181,40276,48915,32489,25099,29229,20635,32087,36363,27795,34389,41338,30967,52802,64534,41452,75949,88380,52660
"Lincoln County, Kansas",210,124,86,19,3,16,89,61,28,99,57,42,3,3,0,2206,1073,1133,62,40,22,65,27,38,728,416,312,598,268,330,313,127,186,287,136,151,153,59,94,260,126,134,255,125,130,98,47,51,312,166,146,300,154,146,71,10,61,918,452,466,896,442,454,156,85,71,716,329,387,628,285,343,115,53,62,2182,1066,1116,2055,999,1056,439,194,245,2125,1041,1084,2027,991,1036,433,194,239,4,4,0,4,4,0,1,1,0,3,3,0,3,3,0,0,0,0,0,0,0,0,0,0,0,0,0,0,0,0,0,0,0,0,0,0,0,0,0,0,0,0,0,0,0,17,0,17,17,0,17,0,0,0,57,25,32,28,8,20,6,0,6,30786,38015,22465,21563,22292,18542,23021,36346,14653,30091,39063,22472,34766,40833,31250,47500,45833,47885
"Linn County, Kansas",595,296,299,81,58,23,294,142,152,220,96,124,0,0,0,6786,3397,3389,240,118,122,487,264,223,2706,1558,1148,1814,848,966,580,244,336,708,258,450,251,107,144,881,436,445,830,409,421,127,12,115,1214,610,604,1124,561,563,197,93,104,2659,1352,1307,2388,1250,1138,401,147,254,2032,999,1033,1717,795,922,234,113,121,6507,3255,3252,5821,2887,2934,933,352,581,6415,3202,3213,5766,2866,2900,931,350,581,45,35,10,43,35,8,8,0,8,81,44,37,63,44,19,2,0,2,28,20,8,28,20,8,11,8,3,0,0,0,0,0,0,0,0,0,10,0,10,10,0,10,0,0,0,115,43,72,94,29,65,5,5,0,119,55,64,73,21,52,2,2,0,37206,43831,30456,26979,27368,25500,38542,43012,22194,33373,48048,29467,44662,53235,39634,45662,60729,45147
"Logan County, Kansas",211,115,96,58,22,36,34,18,16,102,70,32,17,5,12,1919,950,969,60,27,33,101,46,55,580,343,237,565,247,318,247,103,144,262,106,156,104,78,26,325,183,142,297,164,133,80,28,52,286,146,140,279,146,133,81,45,36,733,391,342,687,364,323,127,70,57,575,230,345,495,203,292,78,41,37,1860,915,945,1703,846,857,363,184,179,1792,890,902,1678,828,850,361,184,177,1,1,0,1,1,0,0,0,0,11,11,0,11,11,0,0,0,0,0,0,0,0,0,0,0,0,0,0,0,0,0,0,0,0,0,0,14,5,9,14,5,9,3,0,3,33,18,15,29,14,15,0,0,0,79,30,49,36,23,13,2,0,2,30465,35745,24815,,25000,6680,27625,32125,17188,29137,33333,27765,39375,45875,34659,47794,,43000
"Lyon County, Kansas",5912,2691,3221,331,145,186,1229,649,580,3731,1714,2017,621,183,438,19909,9751,10158,1177,592,585,1002,577,425,6404,3299,3105,4496,2313,2183,1439,709,730,3498,1354,2144,1893,907,986,4030,2085,1945,3705,1850,1855,1153,337,816,3434,1720,1714,3086,1498,1588,1158,464,694,7843,3878,3965,6916,3382,3534,1838,847,991,4602,2068,2534,4023,1852,2171,1242,613,629,18136,8750,9386,16364,7830,8534,5037,2140,2897,15463,7410,8053,14597,6960,7637,4763,1987,2776,421,255,166,386,220,166,102,29,73,85,52,33,41,27,14,9,9,0,337,143,194,233,100,133,147,53,94,0,0,0,0,0,0,0,0,0,418,274,144,273,168,105,12,6,6,512,277,235,433,237,196,84,24,60,3310,1722,1588,2188,1108,1080,306,166,140,31741,37028,27367,26559,29167,21406,28117,31103,21547,31871,40463,26156,37430,43421,34428,50644,62875,44565
"McPherson County, Kansas",2679,1402,1277,417,325,92,519,281,238,1430,686,744,313,110,203,19413,9362,10051,807,327,480,857,499,358,5501,2789,2712,4943,2316,2627,1747,666,1081,3881,1925,1956,1677,840,837,3260,1654,1606,2987,1454,1533,851,348,503,3158,1609,1549,2991,1538,1453,1270,662,608,7557,3779,3778,7054,3480,3574,2208,1120,1088,5438,2320,3118,4717,2064,2653,1229,635,594,18681,8971,9710,17084,8189,8895,5358,2664,2694,18401,8819,9582,16876,8068,8808,5316,2628,2688,128,101,27,111,84,27,0,0,0,117,97,20,112,97,15,66,59,7,140,37,103,140,37,103,73,18,55,0,0,0,0,0,0,0,0,0,99,60,39,63,42,21,16,14,2,248,96,152,239,87,152,45,10,35,400,219,181,270,153,117,60,50,10,36935,47554,28197,29355,36833,11417,33211,41482,25372,32557,45492,26459,47134,54605,36497,50593,54662,46250
"Marion County, Kansas",1166,638,528,150,72,78,246,162,84,673,357,316,97,47,50,8329,4041,4288,362,158,204,484,299,185,2741,1547,1194,2163,930,1233,589,222,367,1356,582,774,634,303,331,1080,535,545,950,459,491,241,123,118,1209,608,601,1076,516,560,274,105,169,3306,1680,1626,3077,1571,1506,815,364,451,2734,1218,1516,2380,1038,1342,660,293,367,8012,3897,4115,7219,3468,3751,1951,852,1099,7879,3829,4050,7135,3419,3716,1924,825,1099,39,20,19,38,20,18,4,4,0,44,6,38,21,0,21,0,0,0,25,0,25,22,0,22,0,0,0,0,0,0,0,0,0,0,0,0,11,8,3,7,7,0,0,0,0,198,110,88,176,89,87,35,29,6,188,84,104,116,58,58,27,27,0,32189,42200,24910,21600,31042,16979,30989,41551,21615,31263,47917,25644,36505,43676,31189,42273,50769,41333
"Marshall County, Kansas",615,326,289,47,41,6,222,110,112,290,130,160,56,45,11,6921,3446,3475,209,109,100,293,183,110,2914,1590,1324,1519,709,810,700,341,359,844,345,499,442,169,273,1072,548,524,1000,491,509,367,110,257,989,521,468,916,484,432,232,95,137,2799,1422,1377,2666,1332,1334,380,152,228,2061,955,1106,1837,847,990,307,157,150,6746,3349,3397,6267,3080,3187,1257,501,756,6654,3292,3362,6201,3049,3152,1254,498,756,27,27,0,27,27,0,0,0,0,31,3,28,31,3,28,0,0,0,30,0,30,30,0,30,5,0,5,21,10,11,21,10,11,21,10,11,32,32,0,9,9,0,0,0,0,34,25,9,34,25,9,3,3,0,124,89,35,75,40,35,3,3,0,32228,40064,26642,26250,28967,,30559,39964,21226,31727,41250,26085,36587,37461,35685,46750,52969,41944
"Meade County, Kansas",399,202,197,134,79,55,142,79,63,123,44,79,0,0,0,2755,1341,1414,310,149,161,182,83,99,819,461,358,606,295,311,268,117,151,394,171,223,176,65,111,463,246,217,360,192,168,74,34,40,418,204,214,314,149,165,85,28,57,1132,572,560,956,497,459,284,132,152,742,319,423,633,271,362,127,42,85,2436,1158,1278,2084,1002,1082,553,236,317,2306,1102,1204,2017,961,1056,544,230,314,20,9,11,16,9,7,0,0,0,0,0,0,0,0,0,0,0,0,26,0,26,26,0,26,10,0,10,4,4,0,4,4,0,0,0,0,207,119,88,74,46,28,0,0,0,62,51,11,59,48,11,7,0,7,350,181,169,151,90,61,9,6,3,39621,45302,25417,34545,44044,18942,31836,40357,21354,37672,42098,25739,50192,62344,35625,50556,75938,45833
"Miami County, Kansas",2309,1196,1113,355,188,167,845,554,291,959,419,540,150,35,115,22327,10751,11576,432,194,238,717,451,266,7241,3722,3519,6059,2680,3379,2102,1008,1094,3876,1936,1940,1900,760,1140,3265,1654,1611,3084,1521,1563,756,353,403,4084,1941,2143,3999,1895,2104,1307,628,679,9538,4724,4814,9131,4426,4705,2733,1211,1522,5440,2432,3008,4964,2264,2700,980,504,476,21521,10335,11186,20450,9740,10710,5607,2608,2999,21039,10237,10802,19997,9642,10355,5580,2608,2972,276,132,144,276,132,144,33,26,7,191,78,113,167,78,89,0,0,0,67,25,42,67,25,42,62,25,37,0,0,0,0,0,0,0,0,0,71,71,0,39,39,0,0,0,0,201,110,91,179,92,87,74,37,37,560,172,388,495,140,355,27,0,27,41154,51060,32290,27819,29583,13269,35443,41590,26397,39030,50917,29695,50864,61625,39632,70759,100703,63686
"Mitchell County, Kansas",643,443,200,70,60,10,280,171,109,266,212,54,27,0,27,4226,2069,2157,71,8,63,127,102,25,1368,748,620,1134,500,634,507,188,319,698,376,322,321,147,174,610,321,289,581,314,267,178,73,105,616,300,316,599,283,316,226,131,95,1585,797,788,1531,754,777,384,181,203,1415,651,764,1317,608,709,231,138,93,4164,2024,2140,3975,1923,2052,1011,518,493,4118,2023,2095,3934,1923,2011,1006,518,488,1,0,1,1,0,1,1,0,1,18,18,0,9,9,0,0,0,0,19,9,10,19,9,10,7,5,2,0,0,0,0,0,0,0,0,0,12,6,6,12,6,6,0,0,0,12,12,0,12,12,0,0,0,0,59,7,52,54,6,48,6,0,6,31927,36833,25556,26667,,-,29329,31875,25250,31063,37004,22578,35270,41071,27721,48724,49939,36397
"Montgomery County, Kansas",3052,1724,1328,524,343,181,863,484,379,1521,813,708,144,84,60,22524,10759,11765,805,446,359,1633,910,723,6432,3258,3174,6697,3117,3580,2752,1010,1742,2891,1434,1457,1314,584,730,3862,1881,1981,3556,1723,1833,730,386,344,3560,1853,1707,3118,1553,1565,776,357,419,8817,4329,4488,7811,3692,4119,1727,778,949,6285,2696,3589,5601,2435,3166,972,497,475,19899,9411,10488,17899,8331,9568,3617,1698,1919,19057,9015,10042,17300,8079,9221,3518,1676,1842,1035,566,469,830,443,387,233,163,70,551,282,269,513,265,248,71,17,54,254,138,116,218,108,110,162,93,69,20,20,0,20,20,0,0,0,0,120,62,58,26,6,20,0,0,0,645,280,365,580,230,350,122,47,75,986,467,519,649,267,382,99,22,77,30605,37017,24237,21366,27012,12625,28661,35867,18255,28869,37669,24061,39763,45256,37593,43438,50917,36458
"Morris County, Kansas",329,180,149,70,40,30,117,90,27,135,48,87,7,2,5,4097,2014,2083,160,63,97,325,139,186,1492,801,691,1152,630,522,225,98,127,485,227,258,258,56,202,579,316,263,516,268,248,98,29,69,534,280,254,497,259,238,133,58,75,1641,788,853,1486,757,729,256,55,201,1343,630,713,1113,528,585,256,141,115,3972,1950,2022,3491,1750,1741,723,283,440,3867,1891,1976,3414,1708,1706,719,283,436,4,4,0,4,4,0,0,0,0,11,0,11,11,0,11,0,0,0,17,1,16,15,1,14,8,0,8,0,0,0,0,0,0,0,0,0,31,18,13,31,18,13,9,0,9,62,41,21,60,39,21,3,0,3,145,79,66,115,62,53,13,0,13,33663,41959,23889,20076,17100,20862,27708,33981,19180,36612,46845,24868,40096,44514,27083,46750,95278,43281
"Morton County, Kansas",359,215,144,72,50,22,197,135,62,67,10,57,23,20,3,1852,900,952,120,89,31,146,73,73,681,340,341,533,245,288,129,50,79,158,85,73,85,18,67,265,149,116,217,107,110,15,2,13,289,140,149,265,131,134,47,2,45,788,396,392,669,333,336,148,83,65,510,215,295,435,167,268,33,16,17,1715,830,885,1496,693,803,226,90,136,1545,721,824,1439,658,781,226,90,136,14,5,9,7,4,3,0,0,0,2,2,0,0,0,0,0,0,0,4,0,4,4,0,4,4,0,4,0,0,0,0,0,0,0,0,0,80,49,31,51,33,18,13,13,0,37,14,23,28,8,20,0,0,0,258,166,92,108,68,40,13,13,0,38194,41504,26033,34000,39213,11083,28092,32841,21000,40625,43875,27596,74375,76635,36250,53750,72917,52656
"Nemaha County, Kansas",794,429,365,102,32,70,345,216,129,261,138,123,86,43,43,6658,3275,3383,217,113,104,285,151,134,2764,1454,1310,1281,608,673,531,259,272,1122,523,599,458,167,291,1061,556,505,1039,534,505,393,176,217,1007,522,485,976,497,479,358,117,241,2615,1336,1279,2517,1305,1212,596,276,320,1975,861,1114,1624,675,949,233,121,112,6506,3225,3281,6010,2967,3043,1567,685,882,6436,3184,3252,5954,2940,3014,1558,685,873,38,16,22,33,11,22,0,0,0,23,2,21,23,2,21,0,0,0,29,7,22,29,7,22,12,5,7,1,0,1,1,0,1,0,0,0,9,1,8,8,0,8,1,0,1,52,24,28,52,24,28,0,0,0,80,42,38,65,27,38,9,0,9,35112,42866,26541,21818,29261,12788,31201,39386,22059,33097,40833,25198,41306,51250,30823,51458,81875,50192
"Neosho County, Kansas",1392,725,667,76,21,55,275,187,88,988,476,512,53,41,12,10777,5190,5587,273,83,190,604,405,199,3362,1717,1645,3194,1550,1644,1255,491,764,1173,443,730,916,501,415,1758,870,888,1655,821,834,259,129,130,1715,866,849,1641,814,827,407,167,240,4307,2162,2145,4100,1988,2112,930,403,527,2997,1292,1705,2504,1079,1425,493,245,248,10326,4957,5369,9575,4551,5024,1993,934,1059,10008,4820,5188,9321,4447,4874,1988,929,1059,118,98,20,104,90,14,10,10,0,37,8,29,37,8,29,11,0,11,24,0,24,24,0,24,7,0,7,0,0,0,0,0,0,0,0,0,80,56,24,11,0,11,11,0,11,192,71,121,149,53,96,57,0,57,404,199,205,271,110,161,16,5,11,29875,36058,24786,23571,30635,8750,26871,32412,19918,26911,33892,24015,41389,49775,33147,55134,60859,54219
"Ness County, Kansas",160,98,62,26,23,3,35,14,21,63,29,34,36,32,4,2184,1080,1104,66,32,34,127,56,71,756,412,344,620,301,319,199,50,149,323,191,132,93,38,55,356,181,175,301,150,151,84,46,38,214,122,92,188,115,73,59,34,25,875,432,443,822,407,415,153,81,72,739,345,394,680,320,360,120,68,52,2150,1059,1091,1970,981,989,416,229,187,2025,992,1033,1916,956,960,412,225,187,1,1,0,1,1,0,0,0,0,6,6,0,6,6,0,0,0,0,0,0,0,0,0,0,0,0,0,0,0,0,0,0,0,0,0,0,25,12,13,12,2,10,0,0,0,2,2,0,2,2,0,0,0,0,150,79,71,66,27,39,4,4,0,34423,42394,22396,31705,43125,5089,31786,41389,21375,29500,37500,23750,41375,46042,19875,55417,60625,43125
"Norton County, Kansas",513,370,143,138,68,70,129,110,19,200,170,30,46,22,24,3972,2272,1700,143,56,87,243,190,53,1466,833,633,1067,602,465,415,156,259,528,357,171,110,78,32,656,480,176,564,425,139,88,79,9,708,441,267,635,380,255,155,90,65,1518,867,651,1432,788,644,233,140,93,1090,484,606,955,433,522,162,126,36,3687,2004,1683,3417,1874,1543,633,430,203,3586,1903,1683,3335,1792,1543,633,430,203,107,107,0,86,86,0,5,5,0,49,49,0,35,35,0,0,0,0,22,21,1,1,0,1,0,0,0,18,18,0,0,0,0,0,0,0,24,17,7,19,12,7,0,0,0,65,56,9,28,19,9,0,0,0,177,173,4,120,116,4,0,0,0,28500,34928,25724,25653,26597,25000,20057,30000,12778,30469,35806,27370,36923,50208,36538,,-,45972
"Osage County, Kansas",1185,594,591,147,96,51,397,201,196,569,279,290,72,18,54,10988,5430,5558,314,157,157,689,375,314,4132,2270,1862,2709,1378,1331,871,315,556,1548,687,861,725,248,477,1523,745,778,1319,665,654,325,125,200,1794,893,901,1672,813,859,520,172,348,4672,2347,2325,4376,2195,2181,917,361,556,2999,1445,1554,2618,1225,1393,511,277,234,10636,5203,5433,9779,4792,4987,2219,924,1295,10477,5129,5348,9641,4718,4923,2196,916,1280,113,111,2,45,43,2,5,5,0,32,13,19,25,11,14,5,0,5,35,7,28,21,0,21,21,0,21,0,0,0,0,0,0,0,0,0,5,5,0,0,0,0,0,0,0,167,91,76,115,52,63,23,6,17,184,82,102,158,77,81,27,8,19,34555,40942,29888,20036,23065,12094,28616,40238,20845,35180,44575,30045,40266,42278,38805,54333,53750,54333
"Osborne County, Kansas",247,133,114,35,14,21,83,57,26,98,48,50,31,14,17,2642,1292,1350,62,29,33,150,97,53,970,500,470,649,301,348,223,60,163,429,225,204,159,80,79,395,203,192,342,172,170,128,61,67,323,177,146,300,154,146,79,40,39,1036,521,515,977,487,490,222,96,126,888,391,497,811,353,458,159,108,51,2559,1257,1302,2368,1147,1221,581,301,280,2540,1256,1284,2357,1147,1210,571,301,270,7,1,6,6,0,6,0,0,0,15,12,3,11,8,3,7,4,3,7,0,7,7,0,7,0,0,0,0,0,0,0,0,0,0,0,0,7,0,7,7,0,7,0,0,0,47,22,25,31,11,20,0,0,0,26,1,25,18,0,18,10,0,10,29326,34954,22365,22500,30781,4338,24222,24962,23000,28110,34545,21492,43095,57917,32500,46354,66477,39722
"Ottawa County, Kansas",408,232,176,37,20,17,234,151,83,76,37,39,61,24,37,4109,2052,2057,52,40,12,160,77,83,1501,804,697,1062,501,561,420,206,214,682,349,333,232,75,157,549,296,253,500,274,226,134,61,73,711,368,343,675,350,325,199,81,118,1733,852,881,1663,812,851,380,161,219,1116,536,580,1059,499,560,201,121,80,4014,2014,2000,3806,1900,1906,871,397,474,3955,1967,1988,3749,1855,1894,871,397,474,4,4,0,3,3,0,0,0,0,12,0,12,12,0,12,6,0,6,22,9,13,22,9,13,9,9,0,0,0,0,0,0,0,0,0,0,5,0,5,5,0,5,0,0,0,52,25,27,49,23,26,28,18,10,98,71,27,96,69,27,34,24,10,33750,41596,28275,16563,24063,14375,29743,34417,20313,34647,44048,29479,41176,51786,32083,47500,37422,48125
"Pawnee County, Kansas",489,272,217,107,93,14,108,93,15,255,83,172,19,3,16,5038,2906,2132,98,75,23,387,290,97,1536,1159,377,1406,730,676,692,280,412,579,251,328,340,121,219,832,550,282,708,439,269,124,21,103,824,482,342,714,411,303,193,63,130,2038,1249,789,1926,1164,762,363,175,188,1344,625,719,1205,527,678,239,113,126,4620,2560,2060,4276,2317,1959,903,361,542,4375,2344,2031,4064,2134,1930,877,339,538,287,256,31,194,163,31,10,10,0,19,14,5,19,14,5,5,0,5,2,1,1,2,1,1,1,1,0,0,0,0,0,0,0,0,0,0,45,21,24,5,0,5,0,0,0,65,54,11,57,46,11,0,0,0,309,256,53,225,191,34,26,22,4,27459,28194,25435,17737,,19158,25179,25877,16850,32146,35638,28750,38011,36103,40650,34522,59107,28750
"Phillips County, Kansas",410,186,224,109,53,56,80,67,13,198,54,144,23,12,11,3769,1862,1907,73,36,37,184,112,72,1367,710,657,914,431,483,420,196,224,570,286,284,241,91,150,530,278,252,504,259,245,194,94,100,549,282,267,487,235,252,139,54,85,1506,757,749,1443,709,734,302,135,167,1184,545,639,1078,511,567,176,94,82,3702,1830,1872,3452,1688,1764,807,377,430,3647,1797,1850,3427,1681,1746,804,377,427,5,5,0,2,2,0,0,0,0,5,4,1,5,4,1,0,0,0,10,0,10,10,0,10,1,0,1,5,5,0,5,5,0,0,0,0,0,0,0,0,0,0,0,0,0,42,18,24,38,15,23,3,0,3,68,33,35,38,7,31,6,0,6,30288,37995,22012,27679,35265,,23429,30208,16354,30201,42875,22500,38962,44934,29688,43958,54583,39632
"Pottawatomie County, Kansas",1750,871,879,211,100,111,569,233,336,885,502,383,85,36,49,14674,7383,7291,180,99,81,599,275,324,4287,2374,1913,3491,1845,1646,1195,481,714,3310,1491,1819,1612,818,794,3011,1490,1521,2869,1452,1417,1087,420,667,2961,1618,1343,2816,1499,1317,1333,667,666,5603,2829,2774,5381,2733,2648,1775,823,952,3099,1446,1653,2829,1325,1504,727,399,328,13988,6916,7072,13256,6570,6686,4745,2186,2559,13442,6610,6832,12880,6369,6511,4683,2162,2521,71,63,8,56,48,8,0,0,0,177,69,108,161,56,105,53,46,7,156,94,62,156,94,62,88,58,30,0,0,0,0,0,0,0,0,0,49,33,16,33,33,0,0,0,0,233,208,25,233,208,25,36,19,17,661,393,268,475,288,187,74,24,50,40922,48676,32496,21429,20966,23882,33118,39289,24239,39647,50082,30383,42793,59063,35201,62015,73438,52412
"Pratt County, Kansas",1052,593,459,173,84,89,428,273,155,393,213,180,58,23,35,6265,2945,3320,222,84,138,293,149,144,1614,795,819,1772,836,936,707,235,472,1119,559,560,538,287,251,1055,532,523,976,500,476,221,60,161,982,455,527,934,445,489,381,186,195,2469,1190,1279,2240,1064,1176,689,373,316,1759,768,991,1600,703,897,366,227,139,6209,2918,3291,5695,2686,3009,1622,834,788,5986,2870,3116,5569,2664,2905,1607,827,780,5,5,0,4,4,0,0,0,0,9,9,0,9,9,0,9,9,0,0,0,0,0,0,0,0,0,0,0,0,0,0,0,0,0,0,0,0,0,0,0,0,0,0,0,0,42,13,29,42,13,29,26,3,23,233,48,185,136,22,114,25,7,18,32593,42050,27701,25231,26471,15179,27457,30083,17054,31727,45431,25923,42228,51585,31995,54600,56806,53250
"Rawlins County, Kansas",158,88,70,30,21,9,29,8,21,90,59,31,9,0,9,1873,937,936,52,28,24,50,17,33,554,316,238,492,248,244,225,111,114,365,159,206,135,58,77,261,134,127,259,133,126,100,41,59,221,130,91,207,120,87,89,38,51,727,367,360,705,361,344,188,86,102,664,306,358,600,278,322,123,52,71,1810,914,896,1712,870,842,475,212,263,1755,878,877,1667,844,823,473,212,261,4,4,0,4,4,0,4,4,0,11,5,6,8,5,3,2,0,2,7,0,7,7,0,7,0,0,0,0,0,0,0,0,0,0,0,0,19,12,7,18,11,7,0,0,0,22,2,20,22,2,20,19,1,18,74,48,26,63,37,26,2,0,2,31357,36830,25188,,-,,29940,31842,22986,30844,35469,28000,32337,48750,23672,46250,47813,46193
"Reno County, Kansas",5620,3093,2527,945,608,337,1768,994,774,2639,1426,1213,268,65,203,43237,21465,21772,1759,945,814,3553,1924,1629,12514,6602,5912,12123,5849,6274,4632,1841,2791,5873,2959,2914,2783,1345,1438,7756,4236,3520,6523,3430,3093,1386,599,787,7071,3749,3322,6215,3265,2950,1479,741,738,16740,8441,8299,15059,7437,7622,3470,1585,1885,11670,5039,6631,10128,4464,5664,2321,1379,942,40367,19623,20744,35744,17174,18570,8416,4144,4272,38136,18422,19714,34152,16394,17758,8201,4053,4148,1225,967,258,898,767,131,100,79,21,387,257,130,292,193,99,6,3,3,255,72,183,161,41,120,18,0,18,30,17,13,30,17,13,0,0,0,474,234,240,357,149,208,19,15,4,499,295,204,443,255,188,97,63,34,2855,1525,1330,2074,996,1078,226,102,124,31143,39409,24862,18722,25352,8477,27918,35448,21466,29596,40821,23955,42494,46513,35354,51250,65682,48418
"Republic County, Kansas",280,151,129,50,15,35,48,22,26,144,108,36,38,6,32,3523,1692,1831,52,20,32,122,65,57,1156,651,505,977,416,561,396,191,205,490,199,291,330,150,180,433,233,200,392,207,185,143,60,83,401,198,203,384,181,203,76,25,51,1407,709,698,1373,695,678,349,148,201,1282,552,730,1200,524,676,252,116,136,3452,1662,1790,3283,1577,1706,794,349,445,3385,1631,1754,3221,1546,1675,788,349,439,10,0,10,10,0,10,0,0,0,12,7,5,7,7,0,0,0,0,18,9,9,18,9,9,9,0,9,0,0,0,0,0,0,0,0,0,0,0,0,0,0,0,0,0,0,31,14,17,31,14,17,17,0,17,67,31,36,62,31,31,6,0,6,30591,35991,24364,19583,19861,13750,30386,34643,19191,27454,38750,22566,36000,41094,29844,35000,28375,51875
"Rice County, Kansas",1260,705,555,143,43,100,247,168,79,814,472,342,56,22,34,6354,3157,3197,238,117,121,456,262,194,1862,911,951,1789,927,862,578,203,375,961,461,500,470,276,194,1068,591,477,965,535,430,243,104,139,891,451,440,773,380,393,216,112,104,2636,1334,1302,2409,1225,1184,539,284,255,1759,781,978,1513,638,875,433,237,196,5900,2894,3006,5290,2538,2752,1376,692,684,5631,2750,2881,5069,2423,2646,1356,683,673,66,49,17,66,49,17,17,11,6,15,0,15,15,0,15,0,0,0,38,5,33,11,5,6,4,0,4,4,0,4,4,0,4,0,0,0,168,100,68,147,88,59,34,34,0,163,109,54,127,98,29,0,0,0,455,254,201,383,213,170,54,43,11,33843,41162,27731,20054,30598,18021,29792,40241,21875,34441,42625,26780,35864,36528,35597,47414,53828,45868
"Riley County, Kansas",25271,14458,10813,566,368,198,5500,4282,1218,16934,8664,8270,2271,1144,1127,37648,19618,18030,495,161,334,1061,452,609,6569,3645,2924,9393,5055,4338,2994,1597,1397,9250,4444,4806,7886,4264,3622,13891,8003,5888,13521,7807,5714,5780,2889,2891,6517,3383,3134,6302,3297,3005,3269,1651,1618,10984,5506,5478,10364,5306,5058,5120,2664,2456,6256,2726,3530,5905,2595,3310,2967,1504,1463,31527,16501,15026,30465,16039,14426,14618,7277,7341,29899,15451,14448,29009,15060,13949,14173,7044,7129,2432,1420,1012,2248,1407,841,730,491,239,217,95,122,198,84,114,93,46,47,1880,854,1026,1767,818,949,1254,601,653,43,16,27,33,6,27,18,6,12,697,193,504,579,125,454,164,115,49,852,539,313,802,526,276,259,172,87,2753,1545,1208,2389,1372,1017,700,442,258,35569,40498,30575,20803,25714,10833,29815,31735,24697,30942,34569,25237,40753,50546,32160,54389,62074,46001
"Rooks County, Kansas",367,186,181,53,44,9,126,69,57,151,67,84,37,6,31,3608,1768,1840,66,36,30,250,158,92,1120,593,527,906,456,450,340,133,207,602,264,338,324,128,196,580,295,285,524,242,282,220,66,154,525,282,243,476,263,213,178,78,100,1419,719,700,1325,643,682,295,120,175,1084,472,612,967,426,541,233,128,105,3503,1694,1809,3206,1508,1698,921,388,533,3465,1669,1796,3182,1497,1685,921,388,533,13,12,1,13,12,1,0,0,0,12,12,0,12,12,0,0,0,0,23,10,13,21,10,11,1,0,1,0,0,0,0,0,0,0,0,0,14,6,8,4,2,2,0,0,0,43,34,9,36,30,6,4,4,0,55,36,19,31,18,13,4,4,0,29050,36438,24327,22355,26094,20875,25068,27115,16000,33871,41131,22917,31806,42361,27500,49107,73750,35250
"Rush County, Kansas",183,95,88,28,7,21,35,21,14,97,55,42,23,12,11,2294,1132,1162,68,20,48,142,75,67,693,359,334,647,318,329,213,106,107,347,181,166,184,73,111,327,171,156,310,154,156,94,27,67,265,137,128,252,133,119,109,49,60,939,466,473,854,442,412,154,92,62,763,358,405,668,308,360,174,86,88,2224,1098,1126,2022,1011,1011,522,245,277,2160,1070,1090,1977,987,990,517,240,277,1,0,1,1,0,1,0,0,0,7,7,0,2,2,0,0,0,0,19,0,19,19,0,19,0,0,0,0,0,0,0,0,0,0,0,0,19,3,16,19,3,16,3,3,0,24,24,0,21,21,0,6,6,0,80,28,52,61,24,37,5,5,0,30930,41193,20762,15521,,16136,25313,37083,16490,30913,42609,21208,45000,60441,35000,41875,60536,33125
"Russell County, Kansas",384,304,80,47,44,3,222,183,39,109,71,38,6,6,0,5134,2491,2643,207,117,90,251,120,131,1607,895,712,1486,703,783,342,125,217,667,224,443,574,307,267,836,364,472,807,336,471,210,107,103,674,340,334,613,321,292,169,69,100,1978,1023,955,1832,937,895,468,160,308,1646,764,882,1424,660,764,394,195,199,4946,2351,2595,4490,2116,2374,1193,499,694,4884,2310,2574,4463,2092,2371,1186,494,692,26,26,0,26,26,0,0,0,0,26,2,24,26,2,24,16,0,16,0,0,0,0,0,0,0,0,0,69,52,17,69,52,17,0,0,0,0,0,0,0,0,0,0,0,0,67,60,7,65,58,7,32,32,0,84,41,43,49,24,25,22,5,17,31260,43892,24084,20000,,22906,27614,32209,21500,35745,51467,23544,32121,40489,30806,45188,68636,40714
"Saline County, Kansas",5021,2667,2354,561,284,277,1511,792,719,2569,1451,1118,380,140,240,37069,18062,19007,1371,784,587,2299,884,1415,12210,6672,5538,9044,4190,4854,2864,1052,1812,6167,2841,3326,3114,1639,1475,6872,3494,3378,6288,3123,3165,1989,892,1097,6729,3411,3318,5755,2965,2790,1537,648,889,14509,7263,7246,13413,6717,6696,3462,1657,1805,8959,3894,5065,7943,3589,4354,2293,1283,1010,33345,16099,17246,30489,14812,15677,8707,4246,4461,31684,15220,16464,29448,14299,15149,8481,4121,4360,1112,567,545,1010,540,470,238,69,169,187,106,81,143,93,50,23,0,23,864,440,424,571,254,317,223,86,137,23,23,0,23,23,0,0,0,0,1042,561,481,680,412,268,0,0,0,496,266,230,483,260,223,90,79,11,2785,1436,1349,1815,933,882,237,125,112,34559,40343,29504,28422,31126,22622,29958,34824,24131,31798,41068,25809,44521,54510,38962,58325,70064,52232
"Scott County, Kansas",448,243,205,58,38,20,136,122,14,180,83,97,74,0,74,3302,1576,1726,107,60,47,377,242,135,1000,430,570,784,385,399,154,11,143,630,377,253,250,71,179,515,301,214,427,213,214,198,132,66,689,330,359,518,242,276,195,93,102,1253,555,698,1149,465,684,246,96,150,845,390,455,724,354,370,241,127,114,3151,1519,1632,2667,1217,1450,859,448,411,2745,1307,1438,2481,1143,1338,820,409,411,0,0,0,0,0,0,0,0,0,52,5,47,52,5,47,0,0,0,21,0,21,21,0,21,21,0,21,0,0,0,0,0,0,0,0,0,53,31,22,53,31,22,0,0,0,25,21,4,25,21,4,0,0,0,459,243,216,239,105,134,39,39,0,39677,49779,24583,32089,39779,"2,500-",33467,50125,21677,42500,60850,33125,45208,49228,40296,37125,52350,28750
"Sedgwick County, Kansas",48041,24823,23218,7006,3933,3073,13878,8195,5683,22648,11079,11569,4509,1616,2893,328321,159240,169081,12828,6289,6539,22851,11656,11195,86253,41572,44681,80470,39832,40638,25229,11137,14092,66165,32242,33923,34525,16512,18013,72978,36379,36599,65427,32250,33177,23991,10617,13374,61512,30654,30858,54807,26800,28007,20562,9349,11213,126314,62272,64042,113823,55657,58166,38173,18872,19301,67517,29935,37582,58585,26588,31997,17964,9916,8048,269687,130934,138753,245116,118314,126802,88464,43141,45323,245063,118648,126415,229806,111039,118767,84730,41433,43297,26788,12751,14037,23063,10813,12250,4284,1895,2389,2974,1474,1500,2347,1154,1193,435,237,198,14461,6549,7912,11475,5543,5932,4856,2370,2486,172,86,86,158,86,72,77,43,34,7340,4069,3271,4163,2300,1863,810,306,504,6899,3377,3522,6320,3085,3235,1764,762,1002,33768,17297,16471,20929,10316,10613,4835,2171,2664,36793,45345,29307,24723,31088,16901,29219,36227,23218,33961,42404,27422,47663,61072,37256,59014,72017,51255
"Seward County, Kansas",2482,1359,1123,680,422,258,472,284,188,1269,645,624,61,8,53,13265,6836,6429,2575,1444,1131,1779,896,883,3539,1942,1597,2625,1287,1338,1140,521,619,1185,562,623,422,184,238,3559,1986,1573,2612,1420,1192,337,88,249,2719,1398,1321,1542,720,822,298,128,170,4805,2513,2292,3158,1669,1489,656,385,271,2182,939,1243,1599,687,912,316,145,171,8280,4141,4139,6609,3185,3424,1474,710,764,5264,2521,2743,4891,2331,2560,1188,537,651,713,455,258,468,354,114,36,0,36,134,58,76,129,53,76,8,0,8,455,235,220,242,154,88,33,19,14,0,0,0,0,0,0,0,0,0,3445,1822,1623,1277,670,607,46,17,29,238,125,113,186,80,106,10,0,10,6652,3507,3145,3150,1553,1597,339,190,149,31024,34149,26136,26413,29868,23533,30126,36382,15022,34587,41463,27277,51178,53261,45337,60125,77353,48456
"Shawnee County, Kansas",15111,7590,7521,2295,1547,748,4980,2595,2385,6542,2946,3596,1294,502,792,120131,56834,63297,3278,1633,1645,6816,3508,3308,37036,18435,18601,28535,12997,15538,7983,3447,4536,23162,10718,12444,13321,6096,7225,22525,10902,11623,20713,9856,10857,6980,2738,4242,20753,10314,10439,18873,9221,9652,7142,3136,4006,47310,22670,24640,43558,20655,22903,14713,6830,7883,29543,12948,16595,26893,11961,14932,7648,4110,3538,103586,48753,54833,96122,44832,51290,33291,15289,18002,96184,45108,51076,90767,42226,48541,32302,14959,17343,8755,4142,4613,7399,3492,3907,1146,423,723,907,424,483,733,376,357,183,124,59,1499,630,869,1302,577,725,920,445,475,74,49,25,74,49,25,42,17,25,2177,1196,981,1643,886,757,232,135,97,3133,1640,1493,2764,1481,1283,669,381,288,10359,5167,5192,7652,3815,3837,1371,543,828,37499,42494,33759,20030,23258,15588,29558,35606,24578,35629,41212,31952,47014,57451,41246,57426,67519,51432
"Sheridan County, Kansas",95,27,68,6,4,2,27,5,22,62,18,44,0,0,0,1808,928,880,61,27,34,58,36,22,566,350,216,465,193,272,214,111,103,324,124,200,120,87,33,272,157,115,263,153,110,68,18,50,297,147,150,256,128,128,44,8,36,677,363,314,654,346,308,216,105,111,562,261,301,516,238,278,116,80,36,1769,914,855,1667,854,813,436,208,228,1712,884,828,1631,835,796,429,207,222,9,7,2,5,5,0,0,0,0,20,3,17,8,3,5,5,3,2,0,0,0,0,0,0,0,0,0,0,0,0,0,0,0,0,0,0,9,3,6,8,2,6,3,0,3,1,1,0,1,1,0,0,0,0,66,33,33,44,21,23,10,1,9,35664,43654,26944,,35833,,29145,32361,,36836,46354,28036,43448,60769,32105,42344,62917,-
"Sherman County, Kansas",507,327,180,126,126,0,34,33,1,277,112,165,70,56,14,4064,1938,2126,89,47,42,123,46,77,1438,770,668,1199,506,693,475,217,258,565,266,299,175,86,89,653,275,378,643,265,378,145,57,88,900,419,481,883,414,469,146,86,60,1371,735,636,1328,712,616,307,146,161,1140,509,631,998,454,544,142,63,79,3874,1817,2057,3665,1727,1938,667,301,366,3601,1696,1905,3446,1630,1816,611,245,366,0,0,0,0,0,0,0,0,0,10,7,3,10,7,3,0,0,0,101,41,60,101,41,60,63,41,22,0,0,0,0,0,0,0,0,0,69,63,6,66,60,6,0,0,0,10,10,0,10,10,0,10,10,0,341,183,158,285,157,128,56,56,0,36240,41597,26288,41250,,-,27917,37932,21544,34511,42244,25756,41213,,37280,43750,78438,32344
"Smith County, Kansas",222,119,103,28,19,9,87,47,40,86,49,37,21,4,17,2738,1340,1398,66,28,38,121,73,48,980,492,488,748,349,399,273,118,155,394,195,199,156,85,71,300,140,160,288,130,158,80,39,41,335,182,153,324,174,150,86,49,37,1108,564,544,1029,514,515,242,125,117,995,454,541,910,421,489,142,67,75,2675,1313,1362,2488,1212,1276,550,280,270,2642,1297,1345,2455,1196,1259,542,272,270,14,0,14,14,0,14,0,0,0,21,14,7,21,14,7,0,0,0,9,1,8,9,1,8,0,0,0,0,0,0,0,0,0,0,0,0,4,0,4,4,0,4,0,0,0,15,12,3,15,12,3,0,0,0,48,24,24,48,24,24,8,8,0,31383,41442,21944,20000,24375,17917,22813,31938,15455,33750,40313,26250,41250,43698,31071,51250,94583,41719
"Stafford County, Kansas",277,138,139,60,29,31,89,52,37,117,53,64,11,4,7,2941,1422,1519,130,82,48,209,112,97,813,436,377,787,324,463,337,158,179,494,243,251,171,67,104,483,250,233,394,193,201,85,35,50,399,173,226,345,152,193,117,39,78,1188,609,579,1062,522,540,274,141,133,871,390,481,801,361,440,189,95,94,2829,1401,1428,2501,1211,1290,649,307,342,2589,1271,1318,2406,1170,1236,633,296,337,17,0,17,17,0,17,0,0,0,8,2,6,8,2,6,0,0,0,10,7,3,10,7,3,0,0,0,0,0,0,0,0,0,0,0,0,24,12,12,13,8,5,6,3,3,53,0,53,53,0,53,10,0,10,268,142,126,112,49,63,22,14,8,31518,38628,23977,21094,26111,11827,26339,31453,,31338,49375,21929,47031,60313,41000,39000,,39750
"Stanton County, Kansas",111,54,57,50,40,10,27,12,15,22,2,20,12,0,12,1368,663,705,146,81,65,157,65,92,357,126,231,278,161,117,121,76,45,260,127,133,49,27,22,176,93,83,166,83,83,64,33,31,238,133,105,192,93,99,90,42,48,562,267,295,446,240,206,119,56,63,392,170,222,261,101,160,36,23,13,1191,562,629,957,459,498,291,149,142,938,427,511,793,380,413,284,142,142,9,5,4,5,5,0,5,5,0,6,4,2,5,3,2,0,0,0,0,0,0,0,0,0,0,0,0,0,0,0,0,0,0,0,0,0,116,57,59,52,15,37,13,0,13,46,35,11,46,35,11,0,0,0,394,212,182,241,114,127,20,7,13,27418,34028,19792,24674,27031,,21875,25595,,31864,35469,26146,29688,43472,18958,36172,,18333
"Stevens County, Kansas",423,215,208,220,53,167,57,57,0,99,74,25,47,31,16,3555,1804,1751,380,204,176,284,151,133,1083,579,504,945,497,448,287,142,145,405,198,207,171,33,138,675,365,310,497,283,214,88,15,73,702,344,358,537,235,302,152,60,92,1438,771,667,1209,639,570,237,112,125,740,324,416,648,292,356,99,44,55,3296,1650,1646,2738,1349,1389,525,212,313,2453,1192,1261,2151,1053,1098,491,212,279,3,3,0,2,2,0,2,2,0,17,15,2,8,6,2,8,6,2,12,0,12,12,0,12,12,0,12,11,11,0,11,11,0,11,11,0,160,98,62,64,54,10,0,0,0,56,27,29,56,27,29,18,0,18,1031,583,448,679,377,302,34,0,34,35885,40997,26138,26328,34350,16250,31806,38424,11250,40526,42130,27708,49948,68462,45972,36136,36023,40037
"Sumner County, Kansas",1859,922,937,423,168,255,500,341,159,809,364,445,127,49,78,15641,7745,7896,309,109,200,933,392,541,5405,3086,2319,4275,1942,2333,1456,697,759,2444,1198,1246,819,321,498,2582,1398,1184,2387,1306,1081,591,218,373,2516,1261,1255,2358,1153,1205,717,252,465,6476,3303,3173,6048,3153,2895,1335,645,690,4067,1783,2284,3606,1632,1974,620,404,216,14931,7408,7523,13794,6930,6864,3150,1467,1683,14429,7134,7295,13429,6716,6713,3039,1395,1644,110,56,54,72,51,21,11,4,7,162,80,82,143,75,68,18,18,0,63,0,63,48,0,48,40,0,40,0,0,0,0,0,0,0,0,0,149,96,53,123,86,37,3,0,3,226,105,121,219,102,117,41,30,11,667,392,275,504,322,182,114,72,42,36287,44045,27611,23596,24728,18889,35405,41362,21412,33880,45409,24838,42969,58281,37083,51659,62857,48482
"Thomas County, Kansas",1052,481,571,158,143,15,323,230,93,571,108,463,0,0,0,5030,2447,2583,87,54,33,155,121,34,1524,818,706,1238,581,657,691,268,423,946,432,514,389,173,216,1008,529,479,985,521,464,238,122,116,791,384,407,743,350,393,327,113,214,1974,1005,969,1902,951,951,543,272,271,1257,529,728,1158,450,708,227,98,129,4720,2316,2404,4480,2141,2339,1282,579,703,4642,2275,2367,4437,2111,2326,1280,577,703,77,35,42,77,35,42,25,25,0,64,33,31,64,33,31,0,0,0,30,0,30,28,0,28,25,0,25,0,0,0,0,0,0,0,0,0,119,46,73,119,46,73,0,0,0,20,17,3,20,17,3,3,1,2,198,88,110,163,77,86,3,3,0,32432,41422,27743,27167,27417,,23846,28363,19155,35361,49595,25299,37800,46354,28940,53583,60530,44464
"Trego County, Kansas",203,104,99,10,8,2,58,58,0,96,33,63,39,5,34,2121,1066,1055,38,27,11,107,42,65,651,315,336,659,387,272,171,54,117,347,172,175,148,69,79,233,121,112,225,113,112,85,28,57,338,173,165,309,160,149,119,62,57,891,476,415,850,446,404,185,79,106,659,296,363,592,278,314,106,72,34,2043,1004,1039,1905,935,970,472,225,247,2038,999,1039,1900,930,970,472,225,247,0,0,0,0,0,0,0,0,0,16,16,0,16,16,0,16,16,0,46,46,0,46,46,0,0,0,0,0,0,0,0,0,0,0,0,0,7,0,7,7,0,7,7,0,7,9,0,9,2,0,2,0,0,0,12,5,7,12,5,7,7,0,7,35625,42179,30640,,77989,,30917,37292,23309,35344,39300,31792,41481,61354,34479,46319,57841,36389
"Wabaunsee County, Kansas",472,253,219,55,43,12,186,113,73,212,89,123,19,8,11,4741,2354,2387,104,57,47,215,143,72,1662,910,752,1178,588,590,505,212,293,711,301,410,366,143,223,679,332,347,644,304,340,247,100,147,781,372,409,745,356,389,233,91,142,2031,1041,990,1927,958,969,405,165,240,1250,609,641,1106,536,570,192,88,104,4598,2283,2315,4316,2107,2209,1057,430,627,4500,2257,2243,4240,2083,2157,1036,424,612,17,11,6,6,0,6,6,0,6,35,15,20,9,2,7,0,0,0,25,10,15,25,10,15,0,0,0,0,0,0,0,0,0,0,0,0,6,6,0,6,6,0,4,4,0,60,29,31,60,29,31,10,10,0,124,48,76,102,46,56,25,10,15,37188,42440,32304,23558,26071,4185,30354,39234,22167,40079,49567,35000,41679,44297,40446,43438,61667,41304
"Wallace County, Kansas",75,43,32,12,12,0,19,14,5,25,12,13,19,5,14,1087,558,529,64,45,19,28,18,10,329,185,144,282,118,164,97,54,43,229,107,122,58,31,27,213,113,100,195,95,100,73,40,33,170,93,77,165,93,72,60,26,34,377,186,191,356,171,185,115,51,64,327,166,161,279,136,143,39,21,18,1057,542,515,986,494,492,287,138,149,1019,514,505,972,487,485,280,131,149,0,0,0,0,0,0,0,0,0,3,1,2,2,1,1,0,0,0,0,0,0,0,0,0,0,0,0,0,0,0,0,0,0,0,0,0,20,15,5,0,0,0,0,0,0,7,0,7,7,0,7,0,0,0,61,44,17,16,8,8,7,7,0,33785,45417,27500,16458,16944,,25556,27431,23224,34750,51875,26111,45208,80156,34125,41964,61250,40179
"Washington County, Kansas",379,206,173,46,20,26,96,53,43,169,102,67,68,31,37,3911,1952,1959,131,82,49,185,98,87,1477,793,684,893,420,473,479,230,249,562,257,305,184,72,112,520,267,253,496,252,244,141,50,91,560,309,251,522,288,234,83,25,58,1498,769,729,1415,742,673,359,185,174,1333,607,726,1162,490,672,163,69,94,3836,1917,1919,3538,1745,1793,733,319,414,3767,1877,1890,3495,1716,1779,733,319,414,14,5,9,7,5,2,0,0,0,2,2,0,2,2,0,0,0,0,0,0,0,0,0,0,0,0,0,0,0,0,0,0,0,0,0,0,26,14,12,15,6,9,2,2,0,33,14,19,33,14,19,11,8,3,98,55,43,61,36,25,2,2,0,32536,40502,23830,20096,29375,16875,27313,36900,14074,32179,40203,24007,41575,46583,32500,54500,70917,52212
"Wichita County, Kansas",110,46,64,24,13,11,33,24,9,47,9,38,6,0,6,1461,739,722,126,69,57,102,29,73,440,248,192,352,179,173,144,89,55,224,97,127,73,28,45,296,127,169,225,107,118,50,11,39,182,104,78,127,81,46,31,16,15,559,321,238,484,282,202,128,60,68,424,187,237,397,171,226,88,38,50,1309,672,637,1131,601,530,282,115,167,1134,589,545,1045,559,486,278,115,163,15,0,15,15,0,15,0,0,0,8,0,8,8,0,8,0,0,0,10,10,0,10,10,0,10,10,0,0,0,0,0,0,0,0,0,0,94,42,52,55,26,29,0,0,0,25,15,10,14,4,10,5,0,5,277,125,152,149,68,81,4,0,4,35278,41436,25577,31875,36161,25385,23750,34000,17361,43125,48750,,45917,101719,40625,29833,,29875
"Wilson County, Kansas",594,333,261,54,39,15,202,148,54,293,128,165,45,18,27,6150,2958,3192,189,127,62,562,260,302,2222,1199,1023,1615,745,870,606,247,359,649,207,442,307,173,134,904,461,443,741,370,371,193,77,116,921,488,433,809,402,407,117,22,95,2511,1187,1324,2242,1048,1194,346,116,230,1814,822,992,1607,751,856,300,165,135,5890,2860,3030,5210,2492,2718,907,362,545,5753,2771,2982,5131,2461,2670,884,362,522,38,1,37,12,1,11,0,0,0,34,19,15,19,5,14,2,0,2,62,18,44,45,18,27,45,18,27,0,0,0,0,0,0,0,0,0,6,4,2,6,4,2,0,0,0,120,56,64,107,51,56,2,0,2,154,104,50,85,35,50,23,0,23,29722,36162,21265,19531,26786,13750,26045,33681,15450,28281,40048,21525,41781,48500,38958,47750,53929,37188
"Woodson County, Kansas",154,79,75,10,6,4,56,54,2,77,19,58,11,0,11,2348,1179,1169,44,30,14,229,111,118,811,457,354,685,318,367,258,120,138,241,113,128,80,30,50,344,166,178,315,145,170,96,52,44,307,181,126,297,171,126,42,13,29,956,481,475,834,407,427,86,29,57,741,351,390,629,315,314,97,49,48,2226,1111,1115,1955,972,983,297,133,164,2211,1096,1115,1950,967,983,297,133,164,4,4,0,3,3,0,0,0,0,20,6,14,19,5,14,0,0,0,21,10,11,21,10,11,21,10,11,0,0,0,0,0,0,0,0,0,6,6,0,6,6,0,0,0,0,71,42,29,71,42,29,3,0,3,21,21,0,11,11,0,0,0,0,23216,30990,20436,,26250,,21321,26635,20417,22600,30823,20221,36042,48438,22727,50833,95125,43958
"Wyandotte County, Kansas",14570,7237,7333,3402,1892,1510,4850,2667,2183,5340,2294,3046,978,384,594,102821,49949,52872,9705,5372,4333,12136,6269,5867,34019,17285,16734,22324,10194,12130,7445,3046,4399,11616,5424,6192,5576,2359,3217,24441,12240,12201,19579,9471,10108,4972,2261,2711,20836,10596,10240,15211,7458,7753,3223,1260,1963,38723,19129,19594,31823,15394,16429,6020,2716,3304,18821,7984,10837,14367,5985,8382,2977,1546,1431,65518,32527,32991,52701,25717,26984,11746,5435,6311,50299,24353,25946,44430,21278,23152,10648,4803,5845,23904,10481,13423,20443,8748,11695,3832,1497,2335,562,223,339,448,166,282,51,15,36,3648,1932,1716,2203,1180,1023,771,444,327,79,34,45,34,34,0,34,34,0,6642,3569,3073,3143,1513,1630,262,117,145,2468,1183,1285,2008,950,1058,496,241,255,22757,12064,10693,12135,6195,5940,1498,803,695,30473,33862,26173,22362,26408,16909,27071,31719,22847,32153,38610,28556,40450,43535,37208,49703,50859,49256
